Timestamp,name,twitter,country,message,JP Translation
7/26/2021 2:26:21,Neriko,@neriko_official,Indonesia,I like Sora-san. Sora-san always has been so sweet. Sora-san singing is relaxing. Sora-san also has grown a lot. Sora-san has become more brave. I'm happy Sora-san can make many friends and memories.â¤,"ãã‚‰ã•ã‚“å¤§å¥½ãï¼
ãã‚‰ã•ã‚“ã¯ã„ã¤ã‚‚å„ªã—ã„ã€‚
ãã‚‰ã•ã‚“ã®æ­Œã¯ã¨ã¦ã‚‚ç©ã‚„ã‹ã§ã€‚
ãã‚‰ã•ã‚“ã¯æˆé•·ã—ãŸã€‚
ãã‚‰ã•ã‚“ã¯å‹‡æ°—ãŒã‚ã‚‹ã‚ˆã†ã«ãªã£ãŸã€‚
ãã‚‰ã•ã‚“ã¯ãŸãã•ã‚“ã®å‹é”ã‚„æ€ã„å‡ºã‚’ä½œã‚Œã¦å¬‰ã—ã„ã§ã™ã€‚â¤"
8/3/2021 16:25:33,PhylumSync,@KineticPhylum,Canada,"Happy 4th anniversary, we're so proud of Sora-sama being here for us for this long! I'll try to continue supporting Sora-sama the best as I can! Can't wait to celebrate Ankino's anniversary next!","ï¼”å‘¨å¹´ãŠã‚ã§ã¨ã†ã”ã–ã„ã¾ã™ï¼
ç§ãŸã¡ã¯ãã‚‰æ§˜ã¨ä¸€ç·’ã«ã“ã“ã«ã„ã‚‹ã“ã¨ã¯èª‡ã‚‹ã“ã¨ã§ã™ã€‚ç§ã¯ã„ã¤ã‚‚ãã‚‰æ§˜ã‚’å¿œæ´ã—ã¦ã„ã¾ã™ï¼
ã‚ã‚“è‚ã®è¨˜å¿µæ—¥ã‚‚å¾…ã¡é ã—ã„ï¼"
8/3/2021 16:43:30,KentCas,@Kentcas_LoL,Philippines,Happy 4th anniversary Sora-chan! I really like your late night streams. They are always so comforting and calming. I love your singing! Especially the MVs where you dance. Alien Alien is my favorite!,"ï¼”å‘¨å¹´ãŠã‚ã§ã¨ã†ãã‚‰ã¡ã‚ƒã‚“ï¼
ãã‚‰ã¡ã‚ƒã‚“ã®æ·±å¤œã®ç”Ÿæ”¾é€ãŒã¨ã¦ã‚‚ç©ã‚„ã‹ã§ã€æœ¬å½“ã«å¥½ãã§ã™ï¼
ãã‚‰ã¡ã‚ƒã‚“ã®æ­Œã¨MVã¨ãƒ€ãƒ³ã‚¹ã‚‚å¥½ãã§ã™ï¼ã€Œã‚¨ã‚¤ãƒªã‚¢ãƒ³ã‚¨ã‚¤ãƒªã‚¢ãƒ³ã€ä¸€ç•ªå¥½ãã§ã™ã€‚"
8/3/2021 16:51:41,NeoB,@annebianca_1,Philippines,ã“ã‚“ã«ã¡ã¯ãã‚‰ã¡ã‚ƒã‚“ï¼ï¼ï¼”è¨˜å¿µãŠã‚ã§ã¨ã†ï¼ï¼ãŸãã•ã‚“ã®äººã‚’å¹¸ã›ã«ã—ã¦ãã‚Œã¦ã‚ã‚ŠãŒã¨ã† ã­ï½ã€‚ã“ã‚Œã‹ã‚‰ã‚‚ã‚‚ã£ã¨ã‚‚ã£ã¨é ‘å¼µã‚Šã¾ã™ï¼ã€‚,
8/3/2021 17:14:10,Koji,,Philippines,"I've always looked up to people, whenever I wanted to follow my dream. Singing, you sing a lot, your voice breaks out and reaches our hearts. I wish one day, I'd be able to sing like that too.
",ç§ã¯å¤¢ã‚’è¿½ã„ã‹ã‘ã‚‹äººã‚’å°Šæ•¬ã—ã¦ã„ã¾ã™ã€‚ãã‚‰ã¡ã‚ƒã‚“ã¯ã„ã£ã±ã„ã†ãŸã£ã¦ã€ãã®å£°ã¯ç§ãŸã¡ã®å¿ƒã«å±Šãã¾ã™ã€‚ç§ã¯ã„ã¤ã‹ãã®ã‚ˆã†ã«æ­Œã†ã“ã¨ãŒã§ãã‚‹ã“ã¨ã‚’æœ›ã‚“ã§ã„ã¾ã™ã€‚
8/3/2021 17:31:45,Trung M. Dang,@TrietMinhDang1,Australia,Happy Birthday Sora. I hope you reach 1.000.000 subscribers this year soon.,"ã‚¢ãƒ‹ãƒãƒ¼ã‚µãƒªãƒ¼ãŠã‚ã§ã¨ã†ãã‚‰ã¡ã‚ƒã‚“ï¼
ä»Šå¹´ã¯ç™»éŒ²è€…ï¼‘ï¼ï¼ä¸‡äººã‚’é¡˜ã£ã¦ã„ã¾ã™ï¼"
8/3/2021 18:15:54,Monkinator,@InarThe,Thailand,"Happy 4th anniversary! I would say you're one of the most dedicated worker in Hololive, not giving up on what you love and that is to entertain people and to give people the most enjoyable time.",ï¼”å‘¨å¹´ãŠã‚ã§ã¨ã†ï¼ãã‚‰ã•ã‚“ã¯è«¦ã‚ãšã«é ‘å¼µã£ãŸã‚Šã€ãƒ›ãƒ­ãƒ©ã‚¤ãƒ–ã§åŠªåŠ›ã—ãŸã‚Šã€ãƒ•ã‚¡ãƒ³ã«æ¥½ã—ã„æ€ã„å‡ºã‚’ãã‚ŒãŸã‚Šã™ã‚‹ã¨ã¯ç´ æ™´ã‚‰ã—ã„ã§ã™ã€‚
8/3/2021 18:17:50,LurKatWurK,@raf_wasnt_here,,"Congratulations on the 4th Anniversary, Tokino-san! It's still mind-blowing how your simple wish to be a virtual idol led to the growth of the big and wholesome Hololive family. Keep up the fire!",ã¨ãã®ã•ã‚“ã€ï¼”å‘¨å¹´ãŠã‚ã§ã¨ã†ï¼ã€Œãƒãƒ¼ãƒãƒ¥ãƒ¼ãƒ«ã‚¢ã‚¤ãƒ‰ãƒ«ã«ãªã‚ŠãŸã„ã€ã®å°ã•ã„ãªé¡˜ã„ã‹ã‚‰ã“ã‚“ãªå¤§ãã„ãªãƒ›ãƒ­ãƒ©ã‚¤ãƒ–ãƒ•ã‚¡ãƒŸãƒªãƒ¼ãŒã§ãã¦ã€é©šãã—ã‹ãªã„ã§ã—ã‚‡ã†ã€‚ã„ã¤ã‚‚ã®ã‚ˆã†ã«é ‘å¼µã£ã¦ã­ï¼
8/3/2021 18:27:14,Yute,@RegularYute,United-States,I would like to thank you sora-chan for these three years it has been fun to watch and im looking forward to supporting you as we go forward into future.,ãã‚‰ã¡ã‚ƒã‚“ã€ã“ã®ä¸‰å¹´é–“ã‚ã‚ŠãŒã¨ã†ã”ã–ã„ã¾ã™ï¼ãã‚‰ã•ã‚“ã®é…ä¿¡ã‚’è¦‹ã‚‹ã¨å…ƒæ°—ã‚’å‡ºã›ã‚‹ã€‚ã“ã‚Œã‹ã‚‰ã‚‚å¿œæ´ã—ã¦ã„ã¾ã™ï¼
8/3/2021 18:27:50,Shirogun,@Shirogun_,Malaysia,Congratulations Sora-chan on 4th Anniversary and Thank You for all the hard works along with incredible times during the time.Thank You again Sora-chan :D,ãã‚‰ã¡ã‚ƒã‚“ã€ï¼”å‘¨å¹´ãŠã‚ã§ã¨ã†ï¼ã„ã¤ã‚‚é ‘å¼µã£ã¦ãã‚Œã¦ã‚ã‚ŠãŒã¨ã†ï¼æœ€é«˜ã®æ€ã„å‡ºã‚’ãã‚Œã¦ã‚ã‚ŠãŒã¨ã†ã€ãã‚‰ã¡ã‚ƒã‚“ï¼:D
8/3/2021 18:40:13,Jun Kan,@Junkan14,Malaysia,"Hi Sora chan, congratulation for your 4th anniversary in Hololive. I always enjoy your stream. I wish you be happy and enjoy everyday.",ãã‚‰ã¡ã‚ƒã‚“ã€ã“ã‚“ã«ã¡ã¯ï¼ï¼”å‘¨å¹´ãŠã‚ã§ã¨ã†ï¼ãã‚‰ã¡ã‚ƒã‚“ã®é…ä¿¡ã¯ã„ã¤ã‚‚æ¥½ã—ã¿ã¾ã™ï¼ãã‚‰ã•ã‚“ã®æ¯æ—¥å¹¸ã›ã«ãªã‚Šã¾ã™ã‚ˆã†ã«ã€‚
8/3/2021 18:44:08,Huntgbunt,@huntgbunt,United-States,"Thank you for everything that you do, Sora! You make many people, myself included, very happy each and every day. Keep on being yourself! I will continue to make the most out of the time with you! ğŸ’™","ã„ã¤ã‚‚ã‚ã‚ŠãŒã¨ã†ãã‚‰ã¡ã‚ƒã‚“ï¼
ãã‚‰ã¡ã‚ƒã‚“ã¯å¤šãã®äººã€…ã‚’æ¯æ—¥å¹¸ã›ã«ã•ã›ã‚‹ã€‚ãã‚Œã‚’ç¶šã‘ã¦ãã ã•ã„ï¼
ã“ã‚Œã‹ã‚‰ã®ãã‚‰ã‚’æ¥½ã—ã¿ã«ã—ã¦ã„ã¾ã™ï¼ğŸ’™"
8/3/2021 18:44:20,ALOLA,@bmpkrs,Indonesia,"Thank you for everything sora. Even you're not my first vtuber, but discovering you, make me realize that you're the one who started all of this. You have my big respect and congrats for 4th anniv","ã„ã¤ã‚‚ã‚ã‚ŠãŒã¨ã†ãã‚‰ã¡ã‚ƒã‚“ï¼
ä»Šæ°—ã¥ã„ã£ãŸã€ãã‚‰ã¡ã‚ƒã‚“ã®å”åŠ›ãŒãªã‘ã‚Œã°ã€ã“ã‚Œã¯ä¸å¯èƒ½ã«ãªã‚‹ã ã‚ã†ã€‚å°Šæ•¬ã—ã¾ã™ï¼
ï¼”å‘¨å¹´ãŠã‚ã§ã¨ã†ã”ã–ã„ã¾ã—ãŸï¼"
8/3/2021 19:21:40,Cytus,,,Congratulations Sora-chan!,ãã‚‰ã¡ã‚ƒã‚“ãŠã‚ã§ã¨ã†ï¼
8/3/2021 19:31:35,NanaKa,@NanaKachie_,Indonesia,"Sora-chan Congratulations on 4th Anniversary! It's already 4 years since your debut,I hope you always have a good day and thank you for being born, We love you Sora-chan!!",ãã‚‰ã¡ã‚ƒã‚“ 4å‘¨å¹´ãŠã‚ã§ã¨ã†ï¼ãã‚‰ã¡ã‚ƒã‚“ãŒãƒ‡ãƒ“ãƒ¥ãƒ¼ã—ã¦ã‹ã‚‰ã‚‚ã†4å¹´ãŒçµŒã¡ã¾ã—ãŸã€‚ã„ã¤ã‚‚å…ƒæ°—ã®æ—¥ã§ã„ã¦ã»ã—ã„ã—ã€ç”Ÿã¾ã‚Œã¦ãã¦ãã‚Œã¦ã‚ã‚ŠãŒã¨ã†ã€‚ç§ãŸã¡ã¯æ„›ã—ã¦ã„ã‚‹ã ãï¼
8/3/2021 19:43:46,Chi Hua,@zWasabi404,Vietnam,Thank you for your hard work! I hope you will have more free time to enjoy some games with other Gen members too. You seem really happy when you join them. Let's make another great year together!,ã“ã®å››å¹´é–“ãŠç–²ã‚Œæ§˜ã§ã—ãŸï¼ãã‚‰ã¡ã‚ƒã‚“ãŒè‡ªç”±æ™‚é–“ãŒå¢—ãˆã¦ã€ä»–ã®ãƒ›ãƒ­ãƒ¡ãƒ³ã¨ä¸€ç·’ã«ã‚²ãƒ¼ãƒ ã‚’æ¥½ã—ã¿ãŸã„ã“ã¨ã‚’é¡˜ã£ã¦ã„ã¾ã™ã€‚ãƒ›ãƒ­ãƒ¡ãƒ³ã¨ä¸€ç·’ã«ã‚²ãƒ¼ãƒ ã™ã‚‹ã¨ãã¯æœ¬å½“ã«æ¥½ã—ãã†ã§ã™ã­ã€‚ã‚‚ã†ä¸€åº¦ä»Šå¹´ã‚‚ä¸€ç·’ã«ã„ã„å¹´ã«ã—ã¾ã—ã‚‡ã†ã€‚
8/3/2021 20:09:17,Oppen,@Oppen_heimer,United-States,Hi Sora chan!!! Your cheerful singing always makes my day! ,ãã‚‰ã¡ã‚ƒã‚“ã€ã“ã‚“ã«ã¡ã¯ï¼ãã‚‰ã¡ã‚ƒã‚“ã®å…ƒæ°—ãªæ­Œã¯ç§ãŸã¡ç¬‘é¡”ã«ã—ã¦ãã‚Œã¦ã‚ã‚ŠãŒã¨ã†ï¼
8/3/2021 20:09:29,Jose Esparza,@Zero_Esparza,Mexico,"Felicidades por el cuarto aniversario de debut Sora-chan, siempre me ha encantado tu mÃºsica y contenido, te deseo lo mejor y muchas gracias por estos geniales  4 aÃ±os, saludos desde MÃ©xico ",ãã‚‰ã¡ã‚ƒã‚“ã€ï¼”å‘¨å¹´ãŠã‚ã§ã¨ã†ï¼ç§ã¯ãã‚‰ã¡ã‚ƒã‚“ã®æ­Œã‚„é…ä¿¡ãŒå¤§å¥½ãã§ã™ï¼ã“ã®ç´ æ•µãªï¼”å¹´é–“ã‚’ã‚ã‚ŠãŒã¨ã†ï¼ãã‚‰ã®ã—ã‚ã‚ã›ã‚’ã­ãŒã£ã¦ã„ã¾ã™ï¼ãƒ¡ã‚­ã‚·ã‚³ã®ãƒ•ã‚¡ãƒ³ã‹ã‚‰
8/3/2021 20:19:31,Gilbert Dante,@Gilbert81988195,United-States,Hey happy 4th anniversary you've come a long way so enjoy every single second of your anniversary! Also keep on being you and never ever change from a fellow kagai niki ,"ã‚„ãï¼ï¼”å‘¨å¹´ãŠã‚ã§ã¨ã†ï¼é•·ã„é“ã®ã‚Šã§ã—ãŸã­ã€‚
è¨˜å¿µæ—¥ã‚’ãŠæ¥½ã—ã¿ãã ã•ã„ãã‚‰ã¡ã‚ƒã‚“ï¼ãã‚‰ã¡ã‚ƒã‚“ã¯ãã‚‰ã¡ã‚ƒã‚“ã®ã¾ã¾ã§ã„ã„ã§ã™ã€‚
æµ·å¤–ã‹ã‚‰ã¸"
8/3/2021 20:25:29,Jackson ,,United-States,Hi Sora-Chan. Congratulations  on your fourth anniversary. You bring such joy to fans like me.   Hololive wouldn't  be where it is without you. All of us Soratomos love you!,"ã‚„ããã‚‰ã¡ã‚ƒã‚“ï¼ï¼”å‘¨å¹´ãŠã‚ã§ã¨ã†ï¼
ãã‚‰ã¡ã‚ƒã‚“ã¯å¤šãã®äººã€…ã‚’æ¯æ—¥å¹¸ã›ã«ã•ã›ã‚‹ã€‚
ãŠã‹ã’ã•ã¾ã§ã€ãƒ›ãƒ­ãƒ©ã‚¤ãƒ–ãŒã„ã‚‹ã€‚ãã‚‰ã¨ã‚‚ã¯ãã‚‰ã¡ã‚ƒã‚“ã‚’å¤§å¥½ãã§ã™ï¼"
8/3/2021 20:37:45,Alpas,,United-States,"Keep shining brighter everyday, Sora! Even though I canâ€™t catch you live, seeing your streams and listening to all your music makes my day better. Happy 4th Anniversary!!!","ãã‚‰ã¡ã‚ƒã‚“ã¯æ˜ã‚‹ã„æ˜Ÿã®ã‚ˆã†ã«è¼ã„ã¦ã„ã‚‹ã€‚
ãã‚‰ã¡ã‚ƒã‚“ã®é…ä¿¡ã¨æ­Œã¯ã¨ã¦ã‚‚å¹¸ã›ãªæ°—åˆ†ã«ã™ã‚‹ã€‚
ï¼”å‘¨å¹´ãŠã‚ã§ã¨ã†ã”ã–ã„ã¾ã™ï¼"
8/3/2021 21:00:42,ã‘ã„,@tsukasa_kei07,Philippines,"Happy 4th anniversary Sora-san, thank you for your hard work for this past years,  and thank for always making us smile and giving us inspiration,  We  wish you a happy anniversary .Thank you(^_^)","ï¼”å‘¨å¹´ãŠã‚ã§ã¨ã†ã”ã–ã„ã¾ã™ãã‚‰ã•ã‚“ã€‚
ç¬‘é¡”ã«ã—ã¦ãã‚Œã¦ã‚ã‚ŠãŒã¨ã†ã€‚
ã‚¤ãƒ³ã‚¹ãƒ”ãƒ¬ãƒ¼ã‚·ãƒ§ãƒ³ãã‚Œã¦ã‚ã‚ŠãŒã¨ã†ã€‚
ã„ã¤ã‚‚ã‚ã‚ŠãŒã¨ã†ã€‚
æ”¹ã‚ã¾ã—ã¦ã€ãŠã‚ã§ã¨ã†ã”ã–ã„ã¾ã™ï¼(^_^)"
8/3/2021 21:11:37,ãƒªãƒãƒ£ãƒ¼ã‚ºï¼Šã‚­ãƒ¼ã‚¹,,United-States,ã€ŒPretenderã€ã®MVã‚’åˆã‚ã¦è¦‹ãŸæ™‚ã‹ã‚‰ã€€ãã‚‰ã¡ã‚ƒã‚“ã®æ­Œå£°ãŒå¤§å¥½ãï¼ï¼ã€€ã„ã¤ã‚‚é ‘å¼µã‚‹ã‹ã‚‰ã€ãƒ›ãƒ­ãƒ©ã‚¤ãƒ–ã‚’ä½œã‚Šä¸Šã’ã‚‹ã®ã‹ã‚‰ã€æœ¬å½“ã«ã‚ã‚ŠãŒã¨ã†ã”ã–ã„ã¾ã™ï¼ï¼,
8/3/2021 21:29:46,asunatsu,,Malaysia,Tokino Sora best girl!,ã¨ãã®ãã‚‰ã¯ä¸€ç•ªæœ€é«˜ã®æ¨ã—ã§ã™ï¼
8/3/2021 22:04:32,ShinxSYX,@shinxusyix,Malaysia,"Congrats for 4yrs of anniversary, thanks for being the foundation of such wonderful family (Hololive),  looking forward to more stream, original/cover songs and more fun stuff!
XD",4å‘¨å¹´ãŠã‚ã§ã¨ã†ã”ã–ã„ã¾ã™ã€‚ã“ã®ã‚ˆã†ãªç´ æ™´ã‚‰ã—ã„å®¶æ—ï¼ˆãƒ›ãƒ­ãƒ©ã‚¤ãƒ–ï¼‰ã®åŸºç›¤ã§ã‚ã‚‹ã“ã¨ã«æ„Ÿè¬ã—ã¦ã„ã¾ã™ã€‚ã“ã‚Œã‹ã‚‰ã‚‚ã€ã‚ˆã‚Šå¤šãã®ã‚¹ãƒˆãƒªãƒ¼ãƒ ã€ã‚ªãƒªã‚¸ãƒŠãƒ«ã®ã‚«ãƒãƒ¼ã‚„æ›²ã€ãã—ã¦ã‚ˆã‚Šæ¥½ã—ã„ã‚‚ã®ã‚’æ¥½ã—ã¿ã«ã—ã¦ã„ã¾ã™ã€‚
8/3/2021 22:18:51,Mr Blobby,@Blobby132,United-Kingdom,"Hey from England, Sora! Since I found hololive, I've been firmly hooked onto your songs and personality. Thank you so much for changing the lives of me and so many others. Happy Anniversary!",ã‚¤ã‚®ãƒªã‚¹ã‹ã‚‰ã“ã‚“ã«ã¡ã¯ã€ãã‚‰ã¡ã‚ƒã‚“ã€‚ãƒ›ãƒ­ãƒ©ã‚¤ãƒ–ã«å‡ºä¼šã£ã¦ã‹ã‚‰ã€ã‚ãªãŸã®æ­Œã¨äººæŸ„ã«ã¯ã¾ã£ã¦ã—ã¾ã„ã¾ã—ãŸã€‚ç§ã‚„ä»–ã®å¤šãã®äººã®äººç”Ÿã‚’å¤‰ãˆã¦ãã‚Œã¦ã€æœ¬å½“ã«ã‚ã‚ŠãŒã¨ã†ã€‚ã‚¢ãƒ‹ãƒãƒ¼ã‚µãƒªãƒ¼ãŠã‚ã§ã¨ã†ã”ã–ã„ã¾ã™ï¼
8/3/2021 22:29:09,teyorya,@teyorya,Philippines,"life can be hard sometimes, but your streams are always relaxing. thank you",äººç”Ÿã«ã¯æ™‚ã«ã¯ãƒãƒ¼ãƒ‰ã¨ã‚‚ã‚ã‚Šã¾ã™ãŒã€ã‚ãªãŸã®ã‚¹ãƒˆãƒªãƒ¼ãƒ ã¯ã„ã¤ã‚‚ãƒªãƒ©ãƒƒã‚¯ã‚¹ã§ãã¾ã™ã€‚ã‚ã‚ŠãŒã¨ã†ã”ã–ã„ã¾ã™ã€‚
8/3/2021 22:46:32,Zach,@OImperialis,United-States,"Hi Sora! Congratulations on your 4th anniversary! In 4 years youâ€™ve touched the hearts of almost a million people, and your hard work has affected the lives of millions! Thank you for everything Sora!",ãã‚‰ã¡ã‚ƒã‚“ã€ã“ã‚“ã«ã¡ã¯! 4å‘¨å¹´ãŠã‚ã§ã¨ã†ã”ã–ã„ã¾ã™ï¼ 4å¹´é–“ã§ç´„100ä¸‡äººã®äººã®å¿ƒã‚’å‹•ã‹ã—ã€ã‚ãªãŸã®é ‘å¼µã‚ŠãŒä½•ç™¾ä¸‡äººã‚‚ã®äººã®äººç”Ÿã«å½±éŸ¿ã‚’ä¸ãˆã¦ãã¾ã—ãŸï¼ãã‚‰ã¡ã‚ƒã‚“ã€ã„ã¤ã‚‚ã‚ã‚ŠãŒã¨ã†ï¼
8/3/2021 22:48:28,wrsw,@wrsw7,Canada,"Congratulations on your 4th Anniversary, Sora-chan!",ãã‚‰ã¡ã‚ƒã‚“ã€4å‘¨å¹´ãŠã‚ã§ã¨ã†ã”ã–ã„ã¾ã™ï¼
8/3/2021 23:19:37,Kevin Shi,@KevinShi3,United-States,"Hi Sora-Chan, happy 4th anniversary!. Thank you so much for the cute and relaxing streams and helping lead Hololive. I hope you continue to enjoy streaming and bringing joy to all your fans!",ã“ã‚“ã«ã¡ã¯ã€ãã‚‰ã¡ã‚ƒã‚“ã€‚4å‘¨å¹´ãŠã‚ã§ã¨ã†ã”ã–ã„ã¾ã™ï¼ã„ã¤ã‚‚å¯æ„›ãã¦ç™’ã•ã‚Œã‚‹é…ä¿¡ã‚’ã—ã¦ãã‚Œã¦ã€ãƒ›ãƒ­ãƒ©ã‚¤ãƒ–ã‚’ç››ã‚Šä¸Šã’ã¦ãã‚Œã¦æœ¬å½“ã«ã‚ã‚ŠãŒã¨ã†ã”ã–ã„ã¾ã™ã€‚ã“ã‚Œã‹ã‚‰ã‚‚æ¥½ã—ãé…ä¿¡ã—ã¦ã€ãƒ•ã‚¡ãƒ³ã®çš†ã•ã‚“ã«å¹¸ã›ã‚’å±Šã‘ã¦ãã ã•ã„ã­ã€‚
8/3/2021 23:25:49,Adrian,@Draian_Ryo,Colombia,"Feliz cuarto aniversario Sora!!! Gracias por tus grandes esfuerzos, sin tu existencia talvez nada de lo que Hololive ha logrado serÃ­a posible. De verdad eres una Diosa!!!",ãã‚‰ã¡ã‚ƒã‚“ã€4å‘¨å¹´ãŠã‚ã§ã¨ã†ã”ã–ã„ã¾ã™ï¼ ãã‚‰ã¡ã‚ƒã‚“ãŒãªã‘ã‚Œã°ã€ãƒ›ãƒ­ãƒ©ã‚¤ãƒ–ãŒæˆã—é‚ã’ãŸã“ã¨ã¯ãŠãã‚‰ãä¸å¯èƒ½ã ã£ãŸã§ã—ã‚‡ã†ã€‚ãã‚‰ã¡ã‚ƒã‚“ã¯ã€ã¾ã•ã«å¥³ç¥ã§ã™ï¼
8/3/2021 23:47:13,Micotaku,@WaveStarfish,Australia,Thank you for helping to create something amazing!,ã™ã”ã„ã‚‚ã®ã«ä½œã‚‹æ‰‹åŠ©ã‘ã‚’ã—ã¦ãã‚Œã¦ã‚ã‚ŠãŒã¨ã†ï¼
8/4/2021 0:52:20,æ£®ç¾©å¼˜,@yoshihiro669,United-States,Hi Sora Chan! Thank you for being there for us and giving your fans a huge smile every time you stream in the past four years. More years to come! Congratulations again! ,ãã‚‰ã¡ã‚ƒã‚“ã€ã“ã‚“ã«ã¡ã¯ï¼ã“ã®4å¹´é–“ã€ç§ãŸã¡ã®ãã°ã«ã„ã¦ãã‚Œã¦ã€ç¬‘é¡”ã«ãã‚Œã¦ã‚ã‚ŠãŒã¨ã†ã€‚ã“ã‚Œã‹ã‚‰ã‚‚ã‚ˆã‚ã—ãã­ã€‚æ”¹ã‚ã¦ã€ãŠã‚ã§ã¨ã†ï¼
8/4/2021 1:30:21,ãã…ã¡ã‚ƒã‚“,@sorak_ren1233,Japan,"ãã‚‰ã¡ã‚ƒã‚“ã€‚4å‘¨å¹´ãŠã‚ã§ã¨ã†ï¼ï¼
ä»Šå¹´ã¯å°‘ã—ãƒã‚¿ãƒã‚¿ã—ã¦ã¦ä¸­ã€…é…ä¿¡ã«è¡Œã‘ãªã‹ã£ãŸã‘ã©å¤‰ã‚ã‚‰ãšã«ãšã£ã¨å¿œæ´ã—ã¦ã‚‹ã—ã€å…ƒæ°—è²°ã£ã¦ã‚‹ã‚ˆï¼
5å¹´ç›®ã‚‚æ­¢ã¾ã‚‰ãªã„ãã‚‰ã¡ã‚ƒã‚“ã‚’ãšã£ã¨å¿œæ´ã—ã¦ã¾ã™ï¼ï¼",
8/4/2021 1:50:35,Wan,@09876543zy,Malaysia,Terima kasih untuk 4 tahun yang hebat ,ã“ã®å››å¹´é–“ã‚ã‚ŠãŒã¨ã†ã”ã–ã„ã¾ã™ï¼
8/4/2021 2:50:55,ä¸‰é£Ÿã®ã‚ŠãŸã¾,@RGB_noritama,Japan,"ãã‚‰ã¡ã‚ƒã‚“4å‘¨å¹´ãŠã‚ã§ã¨ã†ï¼ï¼
ãã‚‰ã¡ã‚ƒã‚“ã®äº‹ã‚’çŸ¥ã£ãŸã®ã¯2019å¹´ã®1æœˆé ƒã«ãƒ‹ã‚³ãƒ‹ã‚³ã§ãã‚‰ã¡ã‚ƒã‚“ã®åˆ‡ã‚ŠæŠœãã‚’
è¦³ãŸã®ãŒãã£ã‹ã‘ã§ã€ãšã£ã¨ãã‚‰ã¡ã‚ƒã‚“ã®æˆé•·ã‚’è¦‹å®ˆã£ã¦ããŸã‘ã©å¤‰ã‚ã‚‰ãšã«
ãã‚‰ã¡ã‚ƒã‚“ã®äº‹ãŒå¤§å¥½ãã§ã™ã€‚
è‰²ã€…å¤§å¤‰ãªä¸–ã®ä¸­ã§ã‚„ã‚ŠãŸã„äº‹ãŒåˆ¶é™ã•ã‚Œã¦ã„ã‚‹ä¸­ã§é ‘å¼µã£ã¦ã‚‹ãã‚‰ã¡ã‚ƒã‚“ã‚’
è¦‹ã¦ã‚‹ã¨å…ƒæ°—ã‚’åˆ†ã‘ã¦ã‚‚ã‚‰ãˆã¦ã„ã¾ã™ã€‚ã„ã¤ã‚‚æœ¬å½“ã«ã‚ã‚ŠãŒã¨ã†ï¼
",
8/4/2021 4:37:46,Ken,@kenkenoptc,Philippines,Happy 4th Anniversary! Thank you for making us happy <3,ï¼”å‘¨å¹´ãŠã‚ã§ã¨ã†ï¼ç¬‘é¡”ã«ã—ã¦ãã‚Œã¦ã‚ã‚ŠãŒã¨ã†ã€‚<3
8/4/2021 4:50:44,ã‚ã‚“ã§ã‚‹ã•ã‚“,@anderusan_srtm,Japan,"ãã‚‰ã¡ã‚ƒã‚“ã€æ´»å‹•4å‘¨å¹´ãŠã‚ã§ã¨ã†ã”ã–ã„ã¾ã™!
æ‚©ã‚“ã ã‚Šã€ä¸Šæ‰‹ãè¡Œã‹ãªã„ã“ã¨ãŒã‚ã£ãŸã‚Šã€è½ã¡è¾¼ã‚€ã“ã¨ã‚‚ã‚ã‚‹ã‹ã‚‚çŸ¥ã‚Œã¾ã›ã‚“ã€‚
ãã‚Œã§ã‚‚æ—¥ã€…æ¥½ã—ãå…ƒæ°—ã«ã€ç™’ã—ã‚„å’Œã¿ã‚’å±Šã‘ãŸã„ã¨ã„ã†è²´æ–¹ã®æ´»å‹•ã«æœ¬å½“ã«æ•‘ã‚ã‚Œã¦ã„ã¾ã™ã€‚
ã‚ã‚ŠãŒã¨ã†ã€ãã—ã¦5å¹´ç›®ã‚‚ä»Šã¾ã§ä»¥ä¸Šã«å¿œæ´ã•ã›ã¦ãã ã•ã„ã¾ã›ã€‚
è²´æ–¹ã®æœ›ã‚€ã€Œã¨ãã®ãã‚‰ã€ã§ã„ã‚‰ã‚Œã¾ã™ã‚ˆã†ã«ã€‚

5å¹´ç›®ã‚‚ãã‚‰ã¨ã‚‚ã®çš†ã•ã‚“ã¨ä¸€ç·’ã«æ¥½ã—ã¿ãªãŒã‚‰ã‚†ã£ãã‚Šèµ°ã£ã¦ã„ãã¾ã—ã‚‡ãƒ¼!",
8/4/2021 5:04:40,shiina mashiro ,,United-States,"Sora-chan, thank you so much for your hardwork. You've become the role model of all the vtubers because of your perseverance. Thank you for giving us smiles. We love you and keep up the great work.","ã„ã¤ã‚‚ã‚ã‚ŠãŒã¨ã†ãã‚‰ã¡ã‚ƒã‚“ï¼
ãã‚‰ã¡ã‚ƒã‚“ã¯ç«‹æ´¾ãªV-TUBERã«ãªã‚Šã¾ã—ãŸã­ã€‚ç¬‘é¡”ã«ã—ã¦ãã‚Œã¦ã‚ã‚ŠãŒã¨ã†ã€‚
ãã‚‰ã¡ã‚ƒã‚“å¤§å¥½ãï¼ã“ã‚Œã‹ã‚‰ã‚‚é ‘å¼µã£ã¦ï¼"
8/4/2021 6:35:07,Lishi ,@3_lishi,Dominican-Republic,"Happy 4th Anniversary Tokino Sora! It's been a long time, but when you're having fun time goes flying. Sora-Chan, having you as a Hololive Member is blessing. Thank you for all you've done! ğŸ»ğŸ’™","ï¼”å‘¨å¹´ãŠã‚ã§ã¨ã†ã”ã–ã„ã¾ã™ã¨ãã®ãã‚‰ã•ã‚“ï¼
é•·ã„é“ã®ã‚Šã§ã—ãŸã­ã€‚ã“ã‚Œã‹ã‚‰ã‚‚æ¥½ã—ã‚“ã§ãã ã•ã„ã€‚
ã„ã¤ã‚‚ã‚ã‚ŠãŒã¨ã†ã”ã–ã„ã¾ã™ã€‚ğŸ»ğŸ’™"
8/4/2021 7:24:43,ARASI-K,@Karasi122,Taiwan,"ãã‚‰ã¡ã‚ƒã‚“ï¼4å‘¨å¹´ãŠã‚ã§ã¨ã†ã”ã–ã„ã¾ã™ï¼(à¹‘â•¹á†ºâ•¹)ï¾‹ï¾Ÿï½®ï½°
ã‚‚ã†4å¹´çµŒã¡ã¾ã—ãŸã€æ—©ã„ã§ã™ã­ï¼ç§ã‚‚ãã‚‰ã¨ã‚‚ã¨ã—ã¦3å¹´é–“ãã‚‰ã¡ã‚ƒã‚“ã®å‹•ç”»ã‚„é…ä¿¡ã‚’è¦‹ãªãŒã‚‰éã”ã—ã¾ã—ãŸï¼ãã‚‰ã¡ã‚ƒã‚“ã®ãŠã‹ã‘ã§æ¯æ—¥æ¥½ã—ã„ä¸€æ—¥ï¼
ãã‚‰ã¡ã‚ƒã‚“ã®å¤¢ãŒå¶ã†æ™‚ã‚’è¦‹å±Šã‘ãŸã„ã€ãã‚ŒãŒç§ã®å¤¢ã§ã™ï¼ã“ã‚Œã‹ã‚‰ã‚‚ãšã£ã¨å¿œæ´ã—ã¾ã™ï¼
ãã‚‰ã¡ã‚ƒã‚“ã‚‚å¥åº·ã§æ¯æ—¥æ¥½ã—ã„æ´»å‹•ã™ã‚‹ã“ã¨ç¥ˆã‚Šã¾ã™ï¼æ”¹ã‚ã¦4å‘¨å¹´ãŠã‚ã§ã¨ã†ã”ã–ã„ã¾ã™ï¼(à¹‘ ^ á†º ^)",
8/4/2021 8:20:14,feng,Soratomo__feng,Taiwan,"Hello sora chan! Happy 4th anniversary to you! I'm a big fans of your,I follow your stream since october 2017. Until now i still watching your stream!  I will always support you! ã¬ã‚“ã€€ã¬ã‚“!","ã“ã‚“ã«ã¡ã¯ãã‚‰ã¡ã‚ƒã‚“ï¼ï¼”å‘¨å¹´ãŠã‚ã§ã¨ã†ã”ã–ã„ã¾ã™ï¼
å¤§ãƒ•ã‚¡ãƒ³ã§ã™ï¼ï¼’ï¼ï¼‘ï¼—å¹´ã‹ã‚‰ãšã£ã¨è¦‹ã¦ã‚‹ã‚ˆï¼
ã“ã‚Œã‹ã‚‰ã‚‚å¿œæ´ã—ã¦ã„ã¾ã™ï¼ã¬ã‚“ã¬ã‚“ï¼"
8/4/2021 9:43:32,Ferris,,United-States,Congratulations! I hope you're having a great time!,ãŠã‚ã§ã¨ã†ï¼æ¥½ã—ã„æ™‚é–“ã‚’éã”ã›ã‚‹ã‚ˆã†ã«ã€‚
8/4/2021 10:30:30,Gustavo Araujo,@GustavoWolf19,Brazil,"For myself, you were my company when I was getting ready for work, and watching you improve your english at each stream, filled me with motivation. I'm happy to be a Soratomo, happy 4th anniversary.","ä»•äº‹ã®æº–å‚™ã‚’ã—ã¦ã„ã‚‹ã¨ãã«ã€ãã‚‰ã¡ã‚ƒã‚“ã®æ”¾é€ã‚’è¦‹ã¦ã‚‹ã€‚
ãã‚‰ã¡ã‚ƒã‚“ã®è‹±èªã‚’ä¸Šé”ã‚’è¦‹ã¦ã€ç§ã¯èª‡ã‚Šã¨æ€ã„ã¾ã—ãŸã€‚
ãã‚‰ã¨ã‚‚ã«ãªã£ã¦ã‚ˆã‹ã£ãŸã€‚ï¼”å‘¨å¹´ãŠã‚ã§ã¨ã†ã”ã–ã„ã¾ã™ï¼"
8/4/2021 10:33:07,R-karma,@HyperXsaber,Hong Kong,"ç©ºåª½ç¥ä½ ç”Ÿæ—¥å¿«æ¨‚(*ï¾Ÿâˆ€ï¾Ÿ*)é›–ç„¶æˆ‘æ˜¯ç”±ä½ 2020å¹´çš„å°ˆè¼¯[ON STAGE]æ‰èªè­˜ä½ ,ä½ çš„è²éŸ³çµ¦æˆ‘ä¸€å€‹å¾ˆç‰¹åˆ¥çš„å°è±¡,ç¥ä½ ä»Šå¹´ä¹Ÿæ˜¯ç¾å¥½çš„ä¸€å¹´",ãã‚‰ã¡ã‚ƒã‚“èª•ç”Ÿæ—¥ãŠã‚ã§ã¨ã†ï¼ˆ* ï¾Ÿâˆ€ï¾Ÿ *ï¼‰2020å¹´ã®ã‚¢ãƒ«ãƒãƒ [ON STAGE]ã§ãŠä¼šã„ã—ãŸã°ã‹ã‚Šã§ã™ãŒã€ã¨ã¦ã‚‚ç‰¹åˆ¥ãªå°è±¡ã‚’ä¸ãˆã¦ãã‚Œã¾ã—ãŸã€‚ç´ æ™´ã‚‰ã—ã„ä¸€å¹´ã‚’ãŠç¥ˆã‚Šã—ã¾ã™ã€‚
8/4/2021 10:34:39,aceofspades,,United-States,"Sora, thank you for your hard work and dedication to Hololive. Without your strength in the early days, Hololive might not even be here today. I love your relaxing streams and your beautiful voice!","ãã‚‰ã¸
ã„ã¤ã‚‚ã‚ã‚ŠãŒã¨ã†ã”ã–ã„ã¾ã™ã€‚ãŠã‹ã’ã•ã¾ã§ã€ãƒ›ãƒ­ãƒ©ã‚¤ãƒ–ãŒã„ã‚‹ã€‚ãã‚‰ã®ãƒªãƒ©ãƒƒã‚¯ã‚¹ãªæ”¾é€ã¨ç´ æ•µãªæ­Œå£°ã‚‚å¤§å¥½ãã§ã™ã€‚"
8/4/2021 10:51:14,AndrÃ©s,,Chile,"Sorachan! Thankyou for your hard work, I really love your style! Keep going strong!",ãã‚‰ã¡ã‚ƒã‚“ã®ã‚¹ã‚¿ã‚¤ãƒ«ãŒæœ¬å½“ã«å¤§å¥½ãã§ã™ï¼ã„ã¤ã‚‚ã‚ã‚ŠãŒã¨ã†ã”ã–ã„ã¾ã™ã€‚ã“ã‚Œã‹ã‚‰ã‚‚ãŒã‚“ã°ã£ã¦ãã ã•ã„ã€‚
8/4/2021 12:47:43,Alyssa,,Italy,"Buon compleanno, Sora chan! I'm so happy and proud to watch you reach this. Thank you for all the fun you gave me in four years. Let's have the best Anniversary ever!",4å‘¨å¹´ãŠã‚ã§ã¨ã†ï¼ãã‚‰ã¡ã‚ƒã‚“ãŒã“ã“ã¾ã§åˆ°é”ã™ã‚‹ã®ã‚’è¦‹ã¦ã€ã¨ã¦ã‚‚å¬‰ã—ãã€èª‡ã‚Šã¨æ€ã„ã¾ã™ã€‚4å¹´é–“ã€æ¥½ã—ã„æ™‚é–“ã‚’éã”ã•ã›ã¦ãã‚Œã¦ã‚ã‚ŠãŒã¨ã†ã€‚æœ€é«˜ã®ã‚¢ãƒ‹ãƒãƒ¼ã‚µãƒªãƒ¼ã«ã—ã¾ã—ã‚‡ã†ã­ã€‚
8/4/2021 16:01:44,Longlen,@longlen9,Thailand,à¸ªà¸§à¸±à¸ªà¸”à¸µà¸„à¹ˆà¸°! à¹€à¸£à¸²à¸Šà¸­à¸šà¹€à¸§à¸¥à¸²à¸—à¸µà¹ˆà¸„à¸¸à¸“à¸¡à¸µà¸„à¸§à¸²à¸¡à¸ªà¸¸à¸‚à¸¡à¸²à¸à¹€à¸¥à¸¢à¸„à¹ˆà¸° à¸•à¸­à¸™à¸„à¸¸à¸“à¸£à¹‰à¸­à¸‡à¹€à¸à¸¥à¸‡ à¹€à¸¥à¹ˆà¸™à¹€à¸à¸¡ à¸„à¸­à¸¥à¹à¸¥à¸š à¸„à¸­à¸™à¹€à¸ªà¸´à¸£à¹Œà¸• à¸«à¸£à¸·à¸­à¹à¸¡à¹‰à¸à¸£à¸°à¸—à¸±à¹ˆà¸‡à¹„à¸¥à¸Ÿà¹Œà¸à¸¹à¸”à¸„à¸¸à¸¢ à¸¡à¸±à¸™à¸ˆà¸°à¸¡à¸µà¸­à¸°à¹„à¸£à¸šà¸²à¸‡à¸­à¸¢à¹ˆà¸²à¸‡à¸¡à¸²à¸—à¸³à¹ƒà¸«à¹‰à¹€à¸£à¸²à¸¢à¸´à¹‰à¸¡à¸•à¸²à¸¡à¸„à¸¸à¸“à¸•à¸¥à¸­à¸”à¹€à¸¥à¸¢ à¸•à¹ˆà¸­à¸ˆà¸²à¸à¸™à¸µà¹‰à¸à¹‡à¸ˆà¸°à¸ªà¸™à¸±à¸šà¸ªà¸™à¸¸à¸™à¹€à¸—à¹ˆà¸²à¸—à¸µà¹ˆà¸—à¸³à¹„à¸”à¹‰à¸„à¹ˆà¸°!,"ã“ã‚“ãã‚ãƒ¼ï¼
ãã‚‰ã¡ã‚ƒã‚“ã®ç¬‘é¡”ã‚’å¤§å¥½ãã€‚ç¬‘é¡”ã«ã—ã¦ãã‚Œã¦ã‚ã‚ŠãŒã¨ã†ï¼
ãã‚‰ã¡ã‚ƒã‚“ã®æ”¾é€ã¯æ¥½ã—ã„ã€‚ã“ã‚Œã‹ã‚‰ã‚‚å¿œæ´ã—ã¦ã„ã¾ã™ï¼"
8/4/2021 18:19:10,Matthies7,@matthies7,United-States,"Happy anniversary Sora! I hope you have a good day and I love watching your streams, especially when you play minecraft or collab with AZKi. Thank you for being amazing!",ãã‚‰ã¡ã‚ƒã‚“ã€ã‚¢ãƒ‹ãƒãƒ¼ã‚µãƒªãƒ¼ãŠã‚ã§ã¨ã†ï¼ç§ã¯ãã‚‰ã¡ã‚ƒã‚“ã®é…ä¿¡ã‚’è¦‹ã‚‹ã®ãŒå¤§å¥½ãã§ã€ç‰¹ã«ã‚ãªãŸãŒãƒã‚¤ã‚¯ãƒ©ã‚’ã‚ãã¶ã—ãŸã‚Šã€AZKiã¨ã‚³ãƒ©ãƒœã—ãŸã‚Šã™ã‚‹ã®ãŒå¥½ãã§ã™ã€‚ã™ã”ã„å­˜åœ¨ã§ã„ã¦ãã‚Œã¦ã‚ã‚ŠãŒã¨ã†ï¼
8/4/2021 18:52:16,JorgeRR,@JorgeRR3168,Canada,"Happy 4th Anniversary Sora!!! I love your streams and your music, thank you for being such a great inspiration and may the next year take you to greater heights!",ãã‚‰ã¡ã‚ƒã‚“4å‘¨å¹´ãŠã‚ã§ã¨ã†ï¼ï¼ï¼ ãã‚‰ã¡ã‚ƒã‚“ã®é…ä¿¡ã¨éŸ³æ¥½ãŒå¤§å¥½ãã§ã™ã€‚ç´ æ™´ã‚‰ã—ã„ã‚¤ãƒ³ã‚¹ãƒ”ãƒ¬ãƒ¼ã‚·ãƒ§ãƒ³ã‚’ä¸ãˆã¦ãã‚Œã¦ã‚ã‚ŠãŒã¨ã†ï¼æ¥å¹´ã¯ã‚‚ã£ã¨é«˜ããªã‚‹ã“ã¨ã‚’é¡˜ã£ã¦ã„ã¾ã™ï¼
8/4/2021 19:18:38,BaKamen,@yukimikamen,Australia,ï¼”å‘¨å¹´ãŠã‚ã§ã¨ã†!  ã„ã¤ã‚‚é ‘å¼µã£ã¦ãã‚Œã¦ã‚ã‚ŠãŒã¨ã†! ã“ã‚Œã‹ã‚‰ã‚‚å¿œæ´ã—ã¾ã™!,
8/4/2021 21:41:30,Cobalnite,@Cobalnite,Peru,"Congratulations on your 4th anniversary Sora, it's impressive how far you've come, and I'm sure you'll shine even brighter. I'm really glad I found you, thank you for everything. ãã‚‰ã¡ã‚ƒã‚“ãŒå¤§å¥½ãã§ã™(à¹‘â•¹á†ºâ•¹)",ãã‚‰ã¡ã‚ƒã‚“ã€4å‘¨å¹´ãŠã‚ã§ã¨ã†ï¼ã“ã‚Œã¾ã§å‡ºæ¥ãŸäº‹ãŒã„ã£ã±ã„ã‚ã‚Šã¾ã—ãŸã­ã€ã“ã‚Œã‹ã‚‰ã‚‚çµ¶å¯¾ã«ã‚‚ã£ã¨ã‚‚ã£ã¨è¼ã„ã¦ã„ãã“ã¨ã§ã—ã‚‡ã†ã€‚ãã‚‰ã¡ã‚ƒã‚“ã«å‡ºä¼šãˆã¦æœ¬å½“ã«è‰¯ã‹ã£ãŸã§ã™ã€ã„ã¤ã‚‚ã‚ã‚ŠãŒã¨ã†ã­ã€‚ãã‚‰ã¡ã‚ƒã‚“ãŒå¤§å¥½ãã§ã™(à¹‘â•¹Ï‰â•¹à¹‘ )
8/4/2021 23:34:29,Marsh Mallow,@marshmallowmalv,Indonesia,4 years has now passed since you first started your journey. I'm sure it has been a wonderful one and I pray there will be a lot more to come! Wish you all the best forevermore!,ãã‚‰ã¡ã‚ƒã‚“ã®é“ã®å§‹ã‚ã‹ã‚‰ 4 å¹´ãŒéããŸã€‚ãã£ã¨ç´ æ™´ã‚‰ã—ã„ã‚‚ã®ã«ãªã£ã¦ã„ã‚‹ã¨æ€ã„ã¾ã™ã—ã€ã“ã‚Œã‹ã‚‰ã‚‚ãŸãã•ã‚“ã®ã“ã¨ãŒèµ·ã“ã‚‹ã“ã¨ã‚’ç¥ˆã£ã¦ã„ã¾ã™ã€‚ã„ã¤ã¾ã§ã‚‚ãŠå…ƒæ°—ã§ã„ã¦ãã ã•ã„ã€‚
8/5/2021 3:13:50,Elyune,@KoewanaiUsana,Indonesia,"Tokino Sora-chan-sama
Your voice and song always cheering my tired, sad, and lonely heart
I feel really grateful for your livestream and will always support you as one of soratomo
Truly, Thank you.","ãã‚‰ã¡ã‚ƒã‚“ã®å£°ã¨æ­Œã¯ã€ç–²ã‚ŒãŸå¿ƒã¨æ‚²ã—ã„å¿ƒã¨å¯‚ã—ã„å¿ƒã‚’ã„ã¤ã‚‚å…ƒæ°—ã¥ã‘ã¦ãã‚Œã¾ã™ã€‚
æœ¬å½“ã«é…ä¿¡ã‚’æ„Ÿè¬ã—ã¦ã„ã¾ã™ã—ã€ã“ã‚Œã‹ã‚‰ã‚‚ãã‚‰ã¨ã‚‚ã®ä¸€å“¡ã¨ã—ã¦å¿œæ´ã—ã¦ã„ã¾ã™ã€‚
æœ¬å½“ã«ã€ã‚ã‚ŠãŒã¨ã†ã”ã–ã„ã¾ã—ãŸã€‚"
8/5/2021 3:14:49,ãŠã‚“ã©ã…ã‚‹,@On__dru,Japan,ãã‚‰ã¡ã‚ƒã‚“4å‘¨å¹´ãŠã‚ã§ã¨ã†ï¼ãã‚‰ã¡ã‚ƒã‚“ã¨ä¸€ç·’ã«é ‘å¼µã£ã¦ãã¦ã‚‚ã†4å¹´ï¼4å¹´ç›®ã¯è‰²ã‚“ãªäº‹ãŒç›®ã¾ãã‚‹ã—ãå¤‰ã‚ã£ã¦å¤§å¤‰ã ã£ãŸã‹ã‚‚ã ã‘ã©ä»Šã§ã‚‚å…ƒæ°—ã«å¥åº·ã«4å‘¨å¹´ã‚’è¿ãˆã‚‰ã‚Œã¦ã™ã”ãå¬‰ã—ã„ã‚ˆï¼ã“ã“ã‹ã‚‰ã¯5å¹´ç›®ï¼5å‘¨å¹´ã¾ã§ã¿ã‚“ãªã§ç¬‘é¡”ã§æ­¢ã¾ã‚‹ã‚“ã˜ã‚ƒã­ã‡ãï¼,
8/5/2021 4:25:56,ã‚Œãƒ¼ã‚ˆã‚“31,@3Reyon1,Japan,"ï¼”å¹´ã£ã¦ã©ã®ãã‚‰ã„ã®æœŸé–“ã ã¨æ„Ÿã˜ã¾ã™ã‹ï¼Ÿ
äº”è¼ªã‚„ã‚µãƒƒã‚«ãƒ¼Wæ¯ãŒå‡ºæ¥ã¾ã™ã€‚
å¤§å­¦éƒ¨ç”ŸãŒå…¨å“¡å…¥ã‚Œæ›¿ã‚ã‚Šã¾ã™ã€‚
åä»£ã®å°‘å¹´å°‘å¥³ã®å¿ƒèº«ãŒå¤§ããæˆé•·ã—ã¾ã™ã€‚
ç§ãŒãã‚‰ã¡ã‚ƒã‚“ã«å‡ºä¼šã£ãŸã®ã¯é«˜æ ¡ï¼’å¹´ç”Ÿã€ï¼‘ï¼—æ­³ã®æ™‚ã§ã—ãŸã€‚ã‚ã‚Œã‹ã‚‰ã‚ãªãŸã‚’ä¸€é€”ã«è¿½ã„ã€å¿œæ´ã—ã€å¿ƒã®åº•ã‹ã‚‰æ„›ã—ã¦ãã¾ã—ãŸã€‚
æ¨ªã‚¢ãƒªã®å¤¢ã¯ç§ã®ã€ãã‚‰ã¨ã‚‚ã¿ã‚“ãªã®å¤¢ã§ã‚‚ã‚ã‚Šã¾ã™ã€‚ãã‚‰ã¡ã‚ƒã‚“ã¨å…±ã«ã€ãšã£ã¨ãã°ã«ã„ã¾ã™ã‚ˆã€‚ï¼”å‘¨å¹´ã‚ã‚ŠãŒã¨ã†ã€‚ãŠã‚ã§ã¨ã†ã€‚",
8/5/2021 7:17:37,å©†ç‘ å¤šã€€èª å¸,@Balta_N_seiji_N,Japan,"åƒ•ã¯ãã‚‰ã¡ã‚ƒã‚“ã®çœŸæ‘¯ã§åŠªåŠ›å®¶ãªã¨ã“ã‚ãŒå¤§å¥½ãã§ã™ï¼
ãã‚‰ã¡ã‚ƒã‚“ã®æˆé•·ã—ã¦ã„ãå§¿ã«ã€æ¯å›ã¨ã¦ã‚‚å‹‡æ°—ã¥ã‘ã‚‰ã‚Œã¦ã„ã¦ã€åƒ•ã‚‚ã¾ã ã¾ã é ‘å¼µã‚‰ãªã„ã¨ãªã¨æ€ã£ã¦ã„ã¾ã™ï¼
ã“ã‚Œã‹ã‚‰ã‚‚ã€é ‘å¼µã£ã¦ä¸‹ã•ã„â€¼ï¸",
8/5/2021 7:33:50,Frat Sunrise,@FratSunrise1,Japan,4å‘¨å¹´â€¦â€¦æœ¬å½“ã«ãŠã‚ã§ã¨ã†ã”ã–ã„ã¾ã™ï¼,
8/5/2021 8:01:11,BurnedAsh@ç°,Burned_Ash,Japan,"ãã‚‰ã¡ã‚ƒã‚“ã€æ´»å‹•4å‘¨å¹´ãŠã‚ã§ã¨ã†ã”ã–ã„ï¾ï½¯ï¼
ã“ã†ã„ã†è¨˜å¿µæ—¥ã‚’ãŠç¥ã„ã§ãã‚‹ã“ã¨ãŒä½•ã‚ˆã‚Šå¬‰ã—ã„ã€ä½•ãªã‚‰è‡ªåˆ†ã®èª•ç”Ÿæ—¥ã‚ˆã‚Šå¬‰ã—ã„â€¦â€¦
ä»Šã¾ã§ã®4å¹´ã®æ­©ã¿ãŒã€ã“ã‚Œã‹ã‚‰ã®5å¹´ç›®ã®èƒŒä¸­ã‚’æŠ¼ã—ã¦ãã‚Œã‚‹ã“ã¨ã§ã—ã‚‡ã†ã€‚ã“ã‚Œã‹ã‚‰ã‚‚é ‘å¼µã£ã¦ãã ã•ã„ãªã€‚å¿œæ´ã—ã¦ã¾ã™ã‚ˆï¼",
8/5/2021 9:26:54,Holofan Lee,@SakuraBot30001,,Happy 4th Anniversary Sora-chan! Its been a pleasure being able to watch you and listen to all your amazing songs. Your hard work and persistence is inspiring and I wish you even more success to come!,ãã‚‰ã¡ã‚ƒã‚“4å‘¨å¹´ãŠã‚ã§ã¨ã†ã€‚ãã‚‰ã¡ã‚ƒã‚“ã‚’è¦‹ã‚‹ã¨ã€ãã‚‰ã¡ã‚ƒã‚“ã®æ­ŒãŸãã•ã‚“è´ãã“ã¨ãŒã§ãã¦ã€ã¨ã¦ã‚‚å¬‰ã—ã„ã§ã™ã€‚ãã‚‰ã¡ã‚ƒã‚“ã®ä¸€ç”Ÿæ‡¸å‘½ã•ã¨ç²˜ã‚Šå¼·ã•ã«æ„Ÿå‹•ã—ã¾ã—ãŸã€‚ãã‚‰ã®ã”æˆåŠŸã‚’ãŠç¥ˆã‚Šã—ã¾ã™ã€‚
8/5/2021 15:43:31, Wise Toad / è³¢ã„ ãƒ’ã‚­ã‚¬ã‚¨ãƒ«,@WiseToad_,United-States,"4å‘¨å¹´è¨˜å¿µãŠã‚ã§ã¨ã†ï¼ I don't speak Japanese well, but I've been learning for Sora-Chan! ãã‚‰ãŒä¸€ç”Ÿæ‡¸å‘½ãªå§¿ã¯ç§ã«æ„Ÿå‹•ã•ã‚ŒãŸã€æœ¬å½“ã«é ‘å¼µã£ã¦è¼ã„ã¦ã„ã¾ã™ã€‚ãŠä¼šã„ã§ãã¦ã€ ãã‚‰ã¨ã‚‚ã«ãªã£ã¦æœ¬å½“ã«è‰¯ã‹ã£ãŸã§ã™ã€‚æ—¥æœ¬èªãŒåˆ†ã‹ã‚‰ãªãã¦ã‚‚ã€ã‚ãªãŸã®ç¬‘é¡”ã‚’è¦‹ã‚‹ã¨ã€ä½•ã¨ãªãå¬‰ã—ããªã£ã¦ã¾ã™ï¼æ¥½ã—æ™‚é–“ã‚’ãã‚Œã¦ã‚ã‚ŠãŒã¨ã†ï¼ãšã£ã¨ãšã£ã¨ï½å¿œæ´ã—ã¾ã™ï¼",4å‘¨å¹´è¨˜å¿µãŠã‚ã§ã¨ã†ï¼ ç§ã¯æ—¥æœ¬èªã‚’ã†ã¾ãè©±ã›ã¾ã›ã‚“ã§ã™ãŒã€ãã‚‰ã¡ã‚ƒã‚“ã®ãŸã‚ã«å‹‰å¼·ã—ã¦ã„ã¾ã™ã€‚ãã‚‰ãŒä¸€ç”Ÿæ‡¸å‘½ãªå§¿ã¯ç§ã«æ„Ÿå‹•ã•ã‚ŒãŸã€æœ¬å½“ã«é ‘å¼µã£ã¦è¼ã„ã¦ã„ã¾ã™ã€‚ãŠä¼šã„ã§ãã¦ã€ ãã‚‰ã¨ã‚‚ã«ãªã£ã¦æœ¬å½“ã«è‰¯ã‹ã£ãŸã§ã™ã€‚æ—¥æœ¬èªãŒåˆ†ã‹ã‚‰ãªãã¦ã‚‚ã€ã‚ãªãŸã®ç¬‘é¡”ã‚’è¦‹ã‚‹ã¨ã€ä½•ã¨ãªãå¬‰ã—ããªã£ã¦ã¾ã™ï¼æ¥½ã—æ™‚é–“ã‚’ãã‚Œã¦ã‚ã‚ŠãŒã¨ã†ï¼ãšã£ã¨ãšã£ã¨ï½å¿œæ´ã—ã¾ã™ï¼
8/5/2021 19:00:42,SaberOnes,@Marcell09460623,Indonesia,Congrats on the 4th anniversary Sora chan. thank you for your hard work for the past 4 years. i wish you'll get your 1 million subs on youtube this year and once again thank you Sora Chan (à¹‘â•¹á†ºâ•¹),ãã‚‰ã¡ã‚ƒã‚“4å‘¨å¹´ãŠã‚ã§ã¨ã†ã”ã–ã„ã¾ã™ã€‚4å¹´é–“ãŠç–²ã‚Œæ§˜ã§ã—ãŸã€‚ä»Šå¹´ã¯100ä¸‡ç™»éŒ²è€…å‡ºæ¥ã‚‹ã“ã¨ã‚’ç¥ˆã£ã¦ã„ã¾ã™ã€‚æ”¹ã‚ã¦ãã‚‰ã¡ã‚ƒã‚“ã‚ã‚ŠãŒã¨ã†(à¹‘â•¹á†ºâ•¹à¹‘ )
8/6/2021 7:25:09,ãƒ¬ãƒ•,,Japan,ï¼”å‘¨å¹´ãŠã‚ã§ã¨ã†ã”ã–ã„ã¾ã™ï¼ã„ã¤ã‚‚ã‹ã‚ã„ãã¦ç™’ã‚„ã•ã‚Œã‚‹é…ä¿¡ã‚ã‚ŠãŒã¨ã†ã”ã–ã„ã¾ã™ï¼å‰å‘ãã§æ˜ã‚‹ã„ãã‚‰ã¡ã‚ƒã‚“ãŒå¤§å¥½ãã§ã€å¿œæ´ã—ã¦ã„ã¾ã™ï¼ï¼•å¹´ç›®ã‚‚å‰å‘ãã§æ˜ã‚‹ããŒã‚“ã°ã£ã¦ãã ã•ã„ï¼,
8/6/2021 8:02:43,Riku Akamine,@i_akamine,Philippines,"Tokino Sora, first member of Hololive, we congratulate for your 4th anniversary in Hololive. Because of you, Hololive grew, you never gave up even you have 13 viewers back then. We always love you.","ãƒ›ãƒ­ãƒ©ã‚¤ãƒ–ã®æœ€åˆã€ã¨ãã®ãã‚‰ã•ã‚“ã€ï¼”å‘¨å¹´ãŠã‚ã§ã¨ã†ã”ã–ã„ã¾ã™ã€‚
ãã‚‰ã•ã‚“ã®ãŠã‹ã’ã§ã€ãƒ›ãƒ­ãƒ©ã‚¤ãƒ–ã¯æˆé•·ã—ã¾ã—ãŸã€‚åˆå›ç”Ÿæ”¾é€ã®æ¥å ´è€…æ•°ã¯ï¼‘ï¼“äººã«ãªã£ã¦ã‚‚ã‚ãã‚‰ã‚ãªã‹ã£ãŸã€‚
ã„ã¤ã‚‚æ„›ã—ã¦ã¾ã™ã€‚"
8/7/2021 4:08:25,Barraki,@Barrakiiii,Australia,"Hello Sora chan! I love watching you. I love the atmosphere you create. I love your singing. Seeing you try your best motivates me. Once I gain a job, Iâ€™ll send my gratitude to you (via superchat).","ã“ã‚“ã«ã¡ã¯ãã‚‰ã¡ã‚ƒã‚“ï¼
ãã‚‰ã¡ã‚ƒã‚“ã®æ”¾é€ã‚’ã„ã¤ã‚‚è¦‹ã¦ã„ã¾ã™ã€‚
ãã‚‰ã¡ã‚ƒã‚“ã®é›°å›²æ°—ãŒå¤§å¥½ãã§ã™ã€‚
ãã‚‰ã¡ã‚ƒã‚“ã®æ­ŒãŒå¤§å¥½ãã§ã™ã€‚
ãã‚‰ã¡ã‚ƒã‚“ã®ä¸€ç”Ÿæ‡¸å‘½ãªå§¿ã‚’è¦‹ã¦ã€ç§ã‚‚é ‘å¼µã‚‰ãªã„ã¨æ€ã„ã¾ã™ã€‚
å°±è·ã§ããŸã‚‰ã€æ„Ÿè¬ã®æ°—æŒã¡ã‚’ä¼ãˆã¾ã™ã€‚ï¼ˆã‚¹ãƒ‘ãƒãƒ£ã§ï¼‰"
8/7/2021 5:07:43,Donne,@kdonnenmcl,Philippines,Your voice and streams got me mesmerized and makes my fatigue go away. Knowing you makes me happy that I'm alive. I hope that someday I can repay you somehow. I love you Sora-chan! Happy Anniversary!,"ãã‚‰ã¡ã‚ƒã‚“ã®å£°ã¨æ”¾é€ã‚’è¦‹ã‚‹ã¨ãã€ç–²ã‚ŒãŒå¹ã£é£›ã³ã¾ã—ãŸã€‚
ãã‚‰ã¡ã‚ƒã‚“ã‚’çŸ¥ã‚‹ã“ã¨ã§ã€ç§ã¯å¹¸ã›ã«ãªã‚Šã¾ã™ã€‚
ã„ã¤ã‹ã€æ„Ÿè¬ã®æ°—æŒã¡ã‚’ä¼ã„ãŸã„ã¨æ€ã„ã¾ã™ã€‚
ãã‚‰ã¡ã‚ƒã‚“å¤§å¥½ãï¼ï¼”å‘¨å¹´ãŠã‚ã§ã¨ã†ï¼"
8/7/2021 8:20:54,å¹½æœˆ,@yutsukiPCB,Japan,"ãã‚‰ã¡ã‚ƒã‚“4å‘¨å¹´ãŠã‚ã§ã¨ã†ã”ã–ã„ã¾ã™ï¼
ãã‚‰ã¡ã‚ƒã‚“ã®æ­Œã‚„ã‚²ãƒ¼ãƒ ãªã©ã®é…ä¿¡ã€ãƒ©ã‚¤ãƒ–ã‚„ã‚¤ãƒ™ãƒ³ãƒˆã§ã®å‡ºæ¼”ç­‰ã§ã€ãã‚‰ã¡ã‚ƒã‚“ãŒé ‘å¼µã£ã¦ã„ã‚‹å§¿ã‚’è¦‹ã¦è´ã„ã¦ã„ã¦ã€å‡„ãç™’ã•ã‚Œå…ƒæ°—ã‚’ã‚‚ã‚‰ã£ã¦ã¾ã™ï¼ãã‚‰ã¡ã‚ƒã‚“ã„ã¤ã‚‚ã‚ã‚ŠãŒã¨ã†ï¼
5å¹´ç›®ã«ãªã£ã¦ã‚‚è‡ªåˆ†ã‚‰ã—ãå…ƒæ°—ã«æ¥½ã—ãé ‘å¼µã‚‹ãã‚‰ã¡ã‚ƒã‚“ã‚’å¿œæ´ã—ã¦ã„ã¾ã™ï¼ã“ã‚Œã‹ã‚‰ã‚‚æ­¢ã¾ã‚‹ã‚“ã˜ã‚ƒã­ã‡ãï¼è¡Œããæ¨ªã‚¢ãƒªï¼",
8/7/2021 15:52:32,Ivy Pekai,,United-States,Happy 4th anniversary Sora-chan!!! I always admire how you can sing so beautifully and almost always stay calm and cute.I hope you know that us overseas fans love you!!!,"ãã‚‰ã¡ã‚ƒã‚“ï¼”å‘¨å¹´ãŠã‚ã§ã¨ã†ï¼
ã“ã‚“ãªã«ãã‚Œã„ã«æ­ŒãˆãŸã‚Šã€è½ã¡ç€ã„ã¦ã„ã¦ã‹ã‚ã„ã„ã¨ã“ã‚ãªã¨ã€ã„ã¤ã‚‚æ„Ÿå¿ƒã—ã¦ã„ã¾ã™ã€‚
æµ·å¤–ã®ãã‚‰ã¨ã‚‚ã¯ãã‚‰ã¡ã‚ƒã‚“ãŒå¤§å¥½ãï¼"
8/7/2021 17:44:10,ã‚‚ã‚“å‰,@soratomoProject,Japan,"ãã‚‰ã¡ã‚ƒã‚“4å‘¨å¹´ãŠã‚ã§ã¨ã†ï¼
ç§ã¯ãã‚‰ã¡ã‚ƒã‚“ã®é…ä¿¡ã‚„twitterã§ã®æ›¸ãè¾¼ã¿ã«åå¿œã‚’ã™ã‚‹ã“ã¨ãŒãã®æ—¥ã®æ´»åŠ›ã¨ãªã£ã¦ã„ã¦ã€ãã‚‰ã¡ã‚ƒã‚“ã®ãŠé™°ã§æ¯æ—¥å…¨åŠ›ã§é ‘å¼µã‚Œã¦ã„ã¾ã™ï¼
çµµã‚’æãã“ã¨ã‚‚ãã†ã ã—ã€ã€Œè‰²ã€…ã¨æ€è€ƒã—ã¦æŒ‘æˆ¦ã™ã‚‹ã“ã¨ã€ãŒæœ€è¿‘ã¯æœ¬å½“ã«æ¥½ã—ããªã£ãŸãªã¨å®Ÿæ„Ÿã—ã¦ã„ã¾ã™(à¹‘â•¹á†ºâ•¹)
ãã‚‰ã¡ã‚ƒã‚“ä»Šå¾Œã‚‚å¿œæ´ã—ã¦ã„ã¾ã™ã€æ­¢ã¾ã‚‹ã‚“ã˜ã‚ƒã­ãƒ¼ã(à¹‘â•¹á†ºâ•¹)ï¼",
8/8/2021 2:31:40,eé‰„,@E23101004517,Japan,4å‘¨å¹´ãŠã‚ã§ã¨ã†ã”ã–ã„ã¾ã™!ãã‚‰ã¡ã‚ƒã‚“ã‚’çŸ¥ã£ã¦ã‹ã‚‰Vã®å­˜åœ¨ã‚’çŸ¥ã‚‹ã“ã¨ã«ãªã‚Šã€äººç”Ÿã®è»¢æ©Ÿã®1ã¤ã«ãªã‚Šã¾ã—ãŸã€‚ã„ã¤ã‚‚ãã‚‰ã¨ã‚‚ã®ã“ã¨ã‚’è€ƒãˆã¦ãã‚Œã¦ã‚ã‚ŠãŒã¨ã†ã”ã–ã„ã¾ã™!ãã®ãŠã‹ã’ã§ã„ã¤ã‚‚æ¥½ã—ãéã”ã›ã¦ã„ã¾ã™ã€‚æ¨ªæµœã‚¢ãƒªãƒ¼ãƒŠã§ãƒ©ã‚¤ãƒ–ã™ã‚‹ãã®æ™‚ã¾ã§ä»Šã¨å¤‰ã‚ã‚‰ãšå¿œæ´ã—ç¶šã‘ã¾ã™!ç„¡ç†ã¯ã›ãšã«ç›®æ¨™ã«å‘ã‹ã£ã¦é ‘å¼µã£ã¦ä¸‹ã•ã„ï¼,
8/8/2021 7:01:35,ã†ã‹ã¤2nd,@2nd35161548,Japan,"ãã‚‰ã¡ã‚ƒã‚“æ´»å‹•4å‘¨å¹´ãŠã‚ã§ã¨ã†ã”ã–ã„ã¾ã™ï¼ï¼ï¼ï¼ï¼
ã„ã¤ã‚‚Twitterã‚„Youtubeã€ãƒ‹ã‚³ç”Ÿã§ã®ãã‚‰ã¡ã‚ƒã‚“ã‚’è¦‹ãŸã‚Šèã„ãŸã‚Šã—ã¦å…ƒæ°—ã‚’ã‚‚ã‚‰ã£ã¦ã„ã¾ã™ï¼ã„ã¤ã‚‚ã‚ã‚ŠãŒã¨ã†ã”ã–ã„ã¾ã™ï¼ï¼ï¼
ã“ã‚Œã‹ã‚‰5å¹´ç›®ã«ãªã‚Šã¾ã™ãŒç„¡ç†ã—éããšå¥åº·ã«æ°—ã‚’ã¤ã‘ã¦ã‚†ã£ãã‚Šå…ƒæ°—ã«æ´»å‹•ãƒ•ã‚¡ã‚¤ãƒˆã§ã™ï¼
ã“ã‚Œã‹ã‚‰ã‚‚æ¥½ã—ãå¿œæ´ã¨ã¾ã‚‰ã­ã‡ãã€œâ‚â‚ â—(à¹‘â•¹á†ºâ•¹)â—Ÿ â¾â¾",
8/8/2021 8:54:57,Liron Kabizon/Senator Pancakes ,@EpicGladiolus,Israel,"Truthfully, you're the kinda person I could easily become friends with! You're smart, easy to approach and give off a calming aura. And to top it off: YOU'RE HILARIOUS!

Happy 4th Anniversary, Sora!","ãã‚‰ã¡ã‚ƒã‚“ã¯ç§ãŒç°¡å˜ã«å‹é”ã«ãªã‚Œã‚‹ã‚ˆã†ãªäººã§ã™ã‚ˆã­ï¼
é ­ãŒè‰¯ãã¦ã€è¦ªã—ã¿ã‚„ã™ãã¦ã€ã¨ã¦ã‚‚ç©ã‚„ã‹ãªäººã¨æ€ã„ã¾ã™ã€‚ã¨ã‚Šã‚ãˆãšã»ã‚“ã¨ã«é¢ç™½ã„äººã§ã™ï¼
ï¼”å‘¨å¹´ãŠã‚ã§ã¨ã†ãã‚‰ã¡ã‚ƒã‚“ï¼"
8/9/2021 7:26:35,Faratban Halulep,@halulep,Indonesia,i fall in love with your stream since the first time i see your channel ... i know you since 2018!! dont give up! make hololive and your fans smile with your charm!!!,"ï¼’ï¼ï¼‘ï¼˜å¹´ã‹ã‚‰åˆã‚ã¦ãã‚‰ã¡ã‚ƒã‚“ã®ãƒãƒ£ãƒ³ãƒãƒ«ã‚’ã¿ã‚‹ã¨ã€ãã‚‰ã¡ã‚ƒã‚“ã«æ‹ã‚’ã—ã¾ã—ãŸï¼
ã“ã‚Œã‹ã‚‰ã‚‚é ‘å¼µã£ã¦ãã ã•ã„ï¼ãã‚‰ã¡ã‚ƒã‚“ã®é­…åŠ›ã§ãƒ›ãƒ­ãƒ©ã‚¤ãƒ–ã¨ãƒ•ã‚¡ãƒ³ã®ã¿ãªã•ã‚“ã‚’ç¬‘é¡”ã«ã—ã¦ãã ã•ã„ã€‚"
8/10/2021 3:53:16,ãƒ†ã‚¦ã‚£,@teuu08192178,Japan,4å‘¨å¹´ãŠã‚ã§ã¨ã†ã”ã–ã„ã¾ã™ï¼ï¼ã€€ãã‚‰ã¡ã‚ƒã‚“ã‚’çŸ¥ã£ã¦ã‹ã‚‰æ¯æ—¥ãŒæ¥½ã—ãã¦å¸Œæœ›ã«æº¢ã‚Œã¦ã‚‹ã‚ˆã†ãªæ°—ãŒã—ã¾ã™ã€ãã‚‰ã¡ã‚ƒã‚“ãŒã“ã‚Œã‹ã‚‰ã‚‚æ¥½ã—ãå…ƒæ°—ã«æ´»å‹•ã§ãã‚‹ã‚ˆã†ã«å¿œæ´ã—ã¦ã¾ã™ï¼ï¼,
8/10/2021 5:36:00,Morning,,Philippines,HAPPY ANNIVERSARY GREAT HOLOLIVE GODDESS! we as a collective would like to thank you for persevering through the slow start of hololive! we will continue to support you and your streams.,ãƒ›ãƒ­ãƒ©ã‚¤ãƒ–ã®å‰å¤§ãªå¥³ç¥ã®ãã‚‰ï¼ï¼”å‘¨å¹´ãŠã‚ã§ã¨ã†ï¼ãã‚‰ã®ã„ã¤ã‚‚ãƒ›ãƒ­ãƒ©ã‚¤ãƒ–ã®ã“ã¨ã‚’ã‚µãƒãƒ¼ãƒˆã™ã‚‹ã“ã¨ã¯ç§ãŸã¡ãã‚‰ã¨ã‚‚ã¯æ„Ÿè¬ã—ã¦ã„ã¾ã™ï¼ã“ã‚Œã‹ã‚‰ã‚‚ãã‚‰ã¡ã‚ƒã‚“ã¨ãã‚‰ã¡ã‚ƒã‚“ã®é…ä¿¡ã‚‚å¿œæ´ã—ã¾ã™ï¼
8/11/2021 1:48:37,Kuro,@kuromimi_0317,Malaysia,"It's been a great 4 years. Thank you for everything, Sora! I hope that everything will go well for you for the upcoming years! Looking forward to your next streams as always. Once again, thank you.","æœ€é«˜ã®ï¼”å¹´é–“ã ã£ãŸã­ã€‚ä»Šã¾ã§ã‚ã‚ŠãŒã¨ã†ãã‚‰ã¡ã‚ƒã‚“ã€‚
ã“ã‚Œã‹ã‚‰ã‚‚ã‚ˆã‚ã—ããŠé¡˜ã„ã—ã¾ã™ï¼ç´ æ™´ã‚‰ã—ã„å¹´ã«ãªã‚‹ã“ã¨ã‚’é¡˜ã£ã¦ã„ã¾ã™ã€‚
æ”¹ã‚ã¾ã—ã¦ã€ã‚ã‚ŠãŒã¨ã†ã“ã–ã„ã¾ã™ï¼"
8/11/2021 21:29:07,Arzee,Arzee92253660,Philippines,Happy anniversary Sora. I promise to keep supporting you and your dream of yokohama arena. And promise to watch your concerts if I can.,"ï¼”å‘¨å¹´ãŠã‚ã§ã¨ã†ãã‚‰ã¡ã‚ƒã‚“ï¼
ãã‚‰ã¡ã‚ƒã‚“ã®å¤¢ã‚’å¶ãˆã‚‹ã“ã¨ã‚’é¡˜ã£ã¦ã„ã¾ã™ã€‚ãšã£ã¨å¿œæ´ã—ã¦ã„ã¾ã™ï¼ãƒ©ã‚¤ãƒ–ã‚’çµ¶å¯¾è¦‹ã«è¡Œãã¾ã™ï¼"
8/12/2021 3:37:45,Jakklin, @NeyJacqueline,Australia,"Congrats Sora-chan~! 4th Anniversary! I've been supporting you since after your first live and I don't plan to stop! You are my Oshi. I love seeing you on stage, you are amazing. Thank you Sora-chan.","ï¼”å‘¨å¹´ãŠã‚ã§ã¨ã†ãã‚‰ã¡ã‚ƒã‚“ï¼
ãã‚‰ã¡ã‚ƒã‚“ã®æœ€åˆã®ãƒ©ã‚¤ãƒ–ã‹ã‚‰å¿œæ´ã—ã¦ã„ã¾ã™ã€‚ã¨ã¾ã‚‰ã­ãƒ¼ãï¼
ãã‚‰ã¡ã‚ƒã‚“ã®ã‚¹ãƒ†ãƒ¼ã‚¸ã‚’è¦‹ã‚‹ã®ãŒå¤§å¥½ãã§ã™ã€‚ã»ã‚“ã¨ã«ç´ æ™´ã‚‰ã—ã„ï¼
ä»Šã¾ã§ã‚ã‚ŠãŒã¨ã†ãã‚‰ã¡ã‚ƒã‚“ï¼"
8/12/2021 9:02:01,ã‚‹ã“ã‚“,@sky98778,Taiwan,ãã‚‰ã¡ã‚ƒã‚“ï¼”å‘¨å¹´ãŠã‚ã§ã¨ã†ã”ã–ã„ã¾ã™ï¼ã“ã‚Œã‹ã‚‰ã‚‚å¿œæ´ã—ã¾ã™(à¹‘â•¹á†ºâ•¹)ï¼ï¼,
8/12/2021 22:43:22,Zast,@Zast,Peru,"Thank you for being awesome, we will always root for you. May you achieve all your goals and here's to another great year.","ç´ æ•µãªäººã«ãªã£ã¦ãã‚Œã¦ã‚ã‚ŠãŒã¨ã†ï¼å¿œæ´ã—ã¦ã„ã¾ã™
ãã‚‰ã¡ã‚ƒã‚“ã®å¤¢ã®å®Ÿç¾ã§ãã‚‹ã“ã¨ã‚’é¡˜ã£ã¦ã„ã¾ã™ã€‚ã“ã‚Œã‹ã‚‰ã‚‚ã‚ˆã‚ã—ããŠé¡˜ã„ã—ã¾ã™ï¼"
8/13/2021 5:15:09,UsagiDubu_,@BunnyJihyo_,Philippines,Congratulations Sora Chan! Your hardwork is definitely paying off. Keep being yourself and the right people will support you â¤,"ãŠã‚ã§ã¨ã†ãã‚‰ã¡ã‚ƒã‚“ï¼ãŒã‚“ã°ã£ãŸã­ï¼
ã“ã‚Œã‹ã‚‰ã‚‚è‡ªåˆ†ã‚‰ã—ã¦ç¶šã‘ã¦ãã ã•ã„ã€‚ãšã£ã¨å¿œæ´ã—ã¦ã„ã¾ã™ã€‚"
8/13/2021 5:19:56,Achlys ,@AchlysJekyll,Canada,"Hi, Sora! Happy anniversary! To be honest, I'm a new fan to you, To hololive in general. But I enjoy you alot, And I'd like to contribute to create more nice memories for you. Congratulations!","ã‚„ããã‚‰ã¡ã‚ƒã‚“ï¼ï¼”å‘¨å¹´ãŠã‚ã§ã¨ã†ã”ã–ã„ã¾ã™ï¼
ç§ã¯ãƒ›ãƒ­ãƒ©ã‚¤ãƒ–ã®åˆå¿ƒè€…ã§ã™ã€‚ãã‚‰ã¡ã‚ƒã‚“å¤§å¥½ãï¼ã“ã‚Œã‹ã‚‰ã‚‚ã‚ˆã‚ã—ããŠé¡˜ã„ã—ã¾ã™ã€‚
ãŠã‚ã§ã¨ã†ï¼"
8/13/2021 5:24:53,ãƒˆãƒ³ã‚¸ãƒˆ,,Indonesia,"Happy 4th anniversary, Sora-chan! Thank you for bringing joy and happiness to all of us. You just need to know that you are precious in every single one of our hearts. ãŠã‚ã§ã¨ã†ãã‚‰ã¡ã‚ƒã‚“!!","ï¼”å‘¨å¹´ãŠã‚ã§ã¨ã†ãã‚‰ã¡ã‚ƒã‚“ï¼
å–œã³ã¨å¹¸ç¦ã«ã—ã¦ãã‚Œã¦ã‚ã‚ŠãŒã¨ã†ã€‚ãã‚‰ã¡ã‚ƒã‚“ã¯ç§ãŸã¡ã«ã¨ã£ã¦å¤§åˆ‡ãªå­˜åœ¨ã§ã™ã€‚
ãŠã‚ã§ã¨ã†ãã‚‰ã¡ã‚ƒã‚“ï¼"
8/13/2021 5:25:32,Hariz afiq,@kazukun2,Malaysia,"I love you so much, you're like the origin of everything in the hololive production.Hololive will never be Hololive.",ãã‚‰ã¡ã‚ƒã‚“ãŒå¤§å¥½ãã§ã™ã€‚ãŠã‹ã’ã•ã¾ã§ã€ãƒ›ãƒ­ãƒ©ã‚¤ãƒ–ãŒã„ã‚‹ï¼
8/13/2021 5:31:02,Paul,,France,Dear sora chan you always funny and you always take care of us and we are happy to that happy birthday,"ãã‚‰ã¡ã‚ƒã‚“ã¸
ãã‚‰ã¡ã‚ƒã‚“ã¯é¢ç™½ãã¦ã€ã„ã¤ã‚‚ç§ãŸã¡ã®é¢å€’ã‚’è¦‹ã¦ãã‚Œã‚‹ã€‚
ãã‚ŒãŒå¬‰ã—ã„ã§ã™ï¼
ãŠèª•ç”Ÿæ—¥ãŠã‚ã§ã¨ã†ã€‚"
8/13/2021 5:32:39,Atara Lancer,@Atara_Lancer,Indonesia,"Congratulation for 4th Anniversary, Sora. Keep doing your best for your activities. I will keep supporting you from my deepest heart","ï¼”å‘¨å¹´ãŠã‚ã§ã¨ã†ã”ã–ã„ã¾ã™ãã‚‰ã•ã‚“ã€‚
ãŒã‚“ã°ã£ã¦ãã ã•ã„ã€‚ãšã£ã¨å¿œæ´ã—ã¦ã„ã¾ã™ã€‚"
8/13/2021 5:35:54,Hetalica,,Indonesia,"Happy 4th Anniversary Tokino Sora. I remembered you as a hardworking girl, and always put your smile to us. We hope for the best future to you and as always, keep it up! Yours truly, one of Soratomo","ï¼”å‘¨å¹´ãŠã‚ã§ã¨ã†ã”ã–ã„ã¾ã™ã¨ãã®ãã‚‰ã•ã‚“ã€‚
ãã‚‰ã•ã‚“ã¯é ‘å¼µã‚Šå±‹ã•ã‚“ã§ã€ã„ã¤ã‚‚ç¬‘é¡”ã‚’çµ¶ã‚„ã•ãªã„äººã§ã™ã€‚æˆåŠŸã‚’ç¥ˆã£ã¦ã„ã¾ã™ã€‚"
8/13/2021 5:36:50,Tsuyummy,@heyheyx_x,Indonesia,"Sora chan congratulation 4th anniversary thank you for always accompanying us 
i hope you always be happy ","ï¼”å‘¨å¹´ãŠã‚ã§ã¨ã†ãã‚‰ã¡ã‚ƒã‚“ï¼
ã„ã¤ã‚‚ã‚ã‚ŠãŒã¨ã†ã”ã–ã„ã¾ã™ã€‚ã„ã¤ã‚‚å¹¸ã›ã§ã„ã¦ã»ã—ã„ã€‚"
8/13/2021 5:38:04,Akimo,@Akimo17723144,Philippines,"Sora caught my attention because she's cute, funny and kind at the same times, I wanted to support her til the end, Congratulation to your 4th anniversary Sora chan, we'll always support you",ãã‚‰ã¡ã‚ƒã‚“ã¯ã‹ã‚ã„ãã¦é¢ç™½ã„äººã§ã™ã€‚4å‘¨å¹´ãŠã‚ã§ã¨ã†ã€‚æœ€å¾Œã¾ã§å¿œæ´ã—ãŸã„ã€‚
8/13/2021 5:38:20,derethus,@derethus,Canada,Congratulations on 4 amazing years!,ï¼”å‘¨å¹´ãŠã‚ã§ã¨ã†ï¼
8/13/2021 5:40:32,KraoBricks,@nerochi5,Indonesia,"Hi Sora, congrats on your 4th anniversary best wishes for you",ã‚„ããã‚‰ã¡ã‚ƒã‚“ï¼ï¼”å‘¨å¹´ãŠã‚ã§ã¨ã†ã€‚ã“ã‚Œã‹ã‚‰ã‚‚ãŒã‚“ã°ã£ã¦ã­ã€‚
8/13/2021 5:40:33,JayJay,@FxDoujin,,"Congratulations on your 4th anniversary sora-chan!!! We hope for another good year, more streams and concerts to come! Be Happy always! Godbless !","4å‘¨å¹´ãŠã‚ã§ã¨ã†ãã‚‰ã¡ã‚ƒã‚“ï¼
ä»Šå¹´ã‚‚è‰¯ã„å¹´ã«ãªã‚‹ã“ã¨ã‚’é¡˜ã£ã¦ã„ã¾ã™ï¼
ã„ã¤ã‚‚å¹¸ã›ã§ã„ã¦ãã ã•ã„ã€‚ç¥ã®ã”åŠ è­·ã‚’ï¼"
8/13/2021 5:41:11,Prayoga Al Azmi,,Indonesia,"Thanks for the hard work this year, u did everything very well, Sora. For tomorrow and beyond, let's do it with passion and pleasure!! Sora, A-chan and teams, don't get sick!! We love you all <3","ä»Šå¹´ã‚‚ãŠç–²ã‚Œæ§˜ã§ã—ãŸã€‚ãã‚‰ã¡ã‚ƒã‚“ã¯é ‘å¼µã‚Šã¾ã—ãŸã­ï¼
ã“ã‚Œã‹ã‚‰ã‚‚æƒ…ç†±ã¨å–œã³ã‚’æŒã£ã¦ã‚„ã‚Šã¾ã—ã‚‡ã†! 
ãã‚‰ã¡ã‚ƒã‚“ã€ãˆãƒ¼ã¡ã‚ƒã‚“ã€ãƒãƒ¼ãƒ ã®ã¿ã‚“ãªã•ã‚“ã€é¢¨é‚ªã²ã‹ãªã„ã§ã­ï¼ã¿ã‚“ãªå¤§å¥½ãã§ã™ã€‚<3"
8/13/2021 5:45:57,Soraromo no.???,@notmerealname1,Malaysia,I enjoy Sora-chan's stream alot but i can't superchat because i am 14yearold so i hope writing this will make you happy even by a little. Sora-sama i hope you the best at your 3rdAnniversary stream!:),"ãã‚‰ã¡ã‚ƒã‚“ã®æ”¾é€ã‚’æ¥½ã—ã‚“ã§ã„ã¾ã™ãŒã€ç§ã¯ã¾ã ï¼‘ï¼”æ­³ãªã®ã§ã‚¹ãƒ‘ãƒãƒ£ã¯ã§ãã¾ã›ã‚“ã€‚
ã“ã‚Œã‚’æ›¸ã„ã¦ã€å°‘ã—ã§ã‚‚ãã‚‰ã¡ã‚ƒã‚“ãŒå–œã‚“ã§ãã‚ŒãŸã‚‰å¬‰ã—ã„ã§ã™ã€‚
ï¼”å‘¨å¹´è¨˜å¿µæ”¾é€ã«ãŒã‚“ã°ã£ã¦ãã ã•ã„ï¼:)"
8/13/2021 5:46:03,Tamii,@MiraiHikarich,Malaysia,ãã‚‰ã¡ã‚ƒã‚“4å‘¨å¹´ãŠã‚ã§ã¨ã†ã”ã–ã„ã¾ã™ã€‚ã‚ãªãŸã®å¤¢ãŒå¶ã†ã“ã¨ã‚’é¡˜ã£ã¦ã„ã¾ã™ã€‚ã‚½ãƒ©ãƒˆãƒ¢ã¯ã„ã¤ã‚‚ã‚ãªãŸã¨ä¸€ç·’ã«ã„ã¾ã™ã€‚,
8/13/2021 5:47:06,Rafael Alberto C. Lacierda,@rabbbyyyy304,Philippines,"Hey Soda-chan, I mean Sora-chan. I wanna wish you a happy 4 year anniversary!! Thank you for always giving us smiles and I wish to always support you. I really love you and may you have more years!!!","ã‚„ããã ãƒ¼ã˜ã‚ƒãªãã¦ã€ãã‚‰ã¡ã‚ƒã‚“ï¼ï¼”å‘¨å¹´ãŠã‚ã§ã¨ã†ï¼
ç¬‘é¡”ã«ã—ã¦ãã‚Œã¦ã‚ã‚ŠãŒã¨ã†ã€‚ãšã£ã¨å¿œæ´ã—ã¦ã„ã¾ã™ã€‚
å¤§å¥½ãï¼é ‘å¼µã£ã¦ãã ã•ã„ï¼"
8/13/2021 5:48:06,Sambel,@HumbleSambel,Indonesia,"Omedettoo Sora-chan, i'm happy that i can be part of Soratomo and I hope Sora-chan can be more well known to the world and become number 1 vtuber. In that time I and Soratomo gonna be there for sure. ","ãŠã‚ã§ã¨ã†ãã‚‰ã¡ã‚ƒã‚“ã€‚
ç§ã¯ãã‚‰ã¨ã‚‚ã«ãªã£ãŸã»ã‚“ã¨ã«ã‚ˆã‹ã£ãŸã§ã™ã€‚ãã‚‰ãŒä¸–ç•Œã§ï¼‘ç•ªVTUBERã«ãªã‚‹ã“ã¨ã‚’é¡˜ã£ã¦ã„ã¾ã™ã€‚ãã‚‰ã¨ã‚‚ãŒãšã£ã¨å¿œæ´ã—ã¦ã„ã¾ã™ã€‚"
8/13/2021 5:48:55,Kagayate,@kagayate,Indonesia,"Keindahan yang sebenarnya itu tidak bertahan lama, karena itu waktu terus berjalan
Tokino Sora, di waktu yang singkat ini, biarkan aku mengucapkan selamat ulangtahun dan mendoakan yang terbaik untukmu","çœŸã®ç¾ã—ã•ã¯é•·ãã¯ç¶šã‹ãªã„ã€ã ã‹ã‚‰ã“ãæ™‚ã¯é€²ã‚€ã€‚
ã¨ãã®ãã‚‰ã€ã“ã®çŸ­ã„æ™‚é–“ã®ä¸­ã§ã€ãã‚‰ã¡ã‚ƒã‚“ã®èª•ç”Ÿæ—¥ã‚’ç¥ç¦ã—ã€ãã‚‰ã¡ã‚ƒã‚“ã®å¹¸ã›ã‚’ç¥ˆã‚‰ã›ã¦ãã ã•ã„ã€‚"
8/13/2021 5:51:58,Fir3b0rne,,Brunei,"I may fallen into the rabbit hole recently but i enjoyed every moment of Hololive especially U, Tokino Sora; the very OG, Goddess & The True Seiso. Arigathanks for everything keep doing how you want.",ç§ã¯æœ€è¿‘ã€ãƒ›ãƒ­ãƒ©ã‚¤ãƒ–ã®æ²¼ã«è½ã¡ã¦ã—ã¾ã£ãŸã‹ã‚‚ã—ã‚Œã¾ã›ã‚“ãŒã€ãƒ›ãƒ­ãƒ©ã‚¤ãƒ–ã®ã™ã¹ã¦ã®ç¬é–“ã‚’æ¥½ã—ã¿ã¾ã—ãŸã€‚ç‰¹ã«ãã‚‰ã¡ã‚ƒã‚“ã€ã¾ã•ã«æœ€åˆã®ãƒ›ãƒ­ãƒ¡ãƒ³ã¨ã€å¥³ç¥ãã—ã¦ã€æ¸…æ¥šãªå­˜åœ¨ ã€‚ã‚ã‚ŠãŒã¨ã†ã”ã–ã„ã¾ã™ã€‚ã“ã‚Œã‹ã‚‰ã‚‚è‡ªåˆ†ã‚‰ã—ãã¦ã‚„ã£ã¦ãã ã•ã„ã­ã€‚
8/13/2021 6:08:31,Roberto Ponce,@ropon_kt,Mexico,OmedettÅ Sora-Chan!! Happy Happy anniversary! Thank you for being sweet always! Please continue being wonderful and chasing your dreams no matter what!! ,"ãŠã‚ã§ã¨ã†ãã‚‰ã¡ã‚ƒã‚“ï¼ï¼”å‘¨å¹´ãŠã‚ã§ã¨ã†ï¼
ã„ã¤ã‚‚ã“ã‚“ãªã«å„ªã—ãã¦ã‚ã‚ŠãŒã¨ã†ï¼
ãã‚‰ã¡ã‚ƒã‚“ã®å¤¢ã‚’å¶ãˆã‚‹ã“ã¨ã‚’é¡˜ã£ã¦ã„ã¾ã™ï¼"
8/13/2021 6:10:59,Nitta Yoshifumi,,Malaysia,"Hello, and a very nice day to you, Sora-chan. I saw your channel from a meme video on Youtube and loved the songs. So, goodluck to your future endeavors, Sora!
Thank you!","ã“ã‚“ã«ã¡ã¯ãã‚‰ã¡ã‚ƒã‚“ï¼
Youtubeã§ãã‚‰ã¡ã‚ƒã‚“ãƒãƒ£ãƒ³ãƒãƒ«ã‚’è¦‹ã¤ã‘ã¾ã—ãŸã€‚ãã‚‰ã¡ã‚ƒã‚“ã®æ­ŒãŒå¤§å¥½ãã§ã™ã€‚
ã“ã‚Œã‹ã‚‰ã‚‚ãŒã‚“ã°ã£ã¦ãã ã•ã„ï¼ä»Šã¾ã§ã‚ã‚ŠãŒã¨ã†ï¼"
8/13/2021 6:13:58,Verynubplayer,@fffddffg,Singapore,Hi Sora chan! Congratulations on 4th Anniversary â¤ï¸ I love your voice and the songs that you sing very much and I play them frequently. Thank you for never giving up and always being an Amazing person,"ã‚„ããã‚‰ã¡ã‚ƒã‚“ï¼ï¼”å‘¨å¹´ãŠã‚ã§ã¨ã†ï¼
ãã‚‰ã¡ã‚ƒã‚“ã®å£°ã¨æ­ŒãŒå¤§å¥½ãã§ã™ã€‚ã„ã¤ã‚‚è´ã„ã¦ã„ã¾ã™ã€‚
ã„ã¤ã‚‚ã‚ã‚ŠãŒã¨ã†ã”ã–ã„ã¾ã™ã€‚"
8/13/2021 6:16:39,Marchosias,@yeetusbreetus,Philippines,"Congrats on your 4th Anniversary, Sora-chan! Although you were among the members that I started watching later on, your personality and character overall has made you one of my top-5 overall VTubers.",ãã‚‰ã¡ã‚ƒã‚“ã€4å‘¨å¹´ãŠã‚ã§ã¨ã†ã”ã–ã„ã¾ã™ã€‚å®Ÿã¯ãã‚‰ã¡ã‚ƒã‚“ã¯ã€ç§ãŒå¾Œã§è¦‹å§‹ã‚ãŸãƒ¡ãƒ³ãƒãƒ¼ã®ä¸­ã«ã„ã¾ã—ãŸã€ãã‚‰ã¡ã‚ƒã‚“ã®äººæŸ„ã‚„ã¨ã‚­ãƒ£ãƒ©ã‚¯ã‚¿ãƒ¼ã¯ã€ç§ã®å¥½ããªVTuberã®ä¸€äººã§ã™ã€‚
8/13/2021 6:19:03,Azura,@firdaus_azura,Indonesia,"Hello Sora-san, Congratulation for your 4th anniversary \^^/

I just want to say i really love your voice and thank you for everything you've done in this years :D","ã“ã‚“ã«ã¡ã¯ãã‚‰ã¡ã‚ƒã‚“ï¼ï¼”å‘¨å¹´ãŠã‚ã§ã¨ã†ï¼\^^/
ãã‚‰ã¡ã‚ƒã‚“ã®å£°ãŒå¤§å¥½ãã§ã™ã€‚ã„ã¤ã‚‚ã‚ã‚ŠãŒã¨ã†ã”ã–ã„ã¾ã—ãŸï¼:D"
8/13/2021 6:23:49,Extreme Psycho,@extremepsycho5,Malaysia,Happy Anniversary Sora!,ï¼”å‘¨å¹´ãŠã‚ã§ã¨ã†ã”ã–ã„ã¾ã™ãã‚‰ã¡ã‚ƒã‚“ï¼
8/13/2021 6:24:13,Daniel,@LumiRenCh,United-States,"Congratulations on your 4th year anniversary Sora-sama,
It always has been a great pleasure to be a Soratomo member and enjoy your wonderful songs. I hope you do more things in the future. Thank you.","ï¼”å‘¨å¹´ãŠã‚ã§ã¨ã†ã”ã–ã„ã¾ã™ãã‚‰æ§˜ã€‚
ãã‚‰ã¨ã‚‚ã«ãªã£ã¦ã»ã‚“ã¨ã«ã‚ˆã‹ã£ãŸã€‚
ã“ã‚Œã‹ã‚‰ã‚‚ã‚ˆã‚ã—ããŠé¡˜ã„ã—ã¾ã™ã€‚"
8/13/2021 6:25:03,Tongâ€“ã•ã‚“,@deathsample,Philippines,"Maligayang Anibersaryo, Sora-chan! Ang iyong ngiti ay palaki ng palaki sa pagnonood ko sayo. May you have more prosperity to come!",ãã‚‰ã¡ã‚ƒã‚“ã€ã‚¢ãƒ‹ãƒãƒ¼ã‚µãƒªãŠã‚ã§ã¨ã†ï¼ãã‚‰ã¡ã‚ƒã‚“ã¯ã©ã‚“ã©ã‚“ç¬‘é¡”ãŒå¢—ãˆã¾ã—ãŸã­ã€‚ã“ã‚Œã‹ã‚‰ã‚‚é ‘å¼µã£ã¦ãã ã•ã„ï¼
8/13/2021 6:25:40,ã‚¸ãƒ£ã‚¹ãƒ†ã‚£ãƒ³,@Ima_Tennn,Philippines,Hello Sora Chan!! Omedetou on 4 years!  I hope this year has been amazing for you! Thank you for making me smile whenever i feel down! Those banger minecraft streams keep em coming love ya stay safe!!,ãã‚‰ã¡ã‚ƒã‚“ï¼ã“ã‚“ã«ã¡ã¯ï¼4å‘¨å¹´ãŠã‚ã§ã¨ã†ï¼ ã“ã®1å¹´ãŒãã‚‰ã¡ã‚ƒã‚“ã«ã¨ã£ã¦ãã£ã¨ç´ æ™´ã‚‰ã—ã„ä¸€å¹´ã§ã—ãŸã€‚è½ã¡è¾¼ã‚“ã æ™‚ã«ã„ã¤ã‚‚ç¬‘é¡”ã«ã—ã¦ãã‚Œã¦ã‚ã‚ŠãŒã¨ã†ï¼ã“ã‚Œã‹ã‚‰ã®ãƒã‚¤ã‚¯ãƒ©é…ä¿¡ã‚‚æ¥½ã—ã¿ã«ã—ã¦ã„ã¾ã™ï¼ãã‚‰ã¡ã‚ƒã‚“ãŒå¤§å¥½ãã€‚
8/13/2021 6:26:17,Luc ,@Luc_128_,India,"Congratulations on the 4th year sora ,First time I saw you was when I saw your alien song cover loved it very much , to this day I still listen to it ,keep doing what you love and be safe ",ãã‚‰ã¡ã‚ƒã‚“ã€4å¹´ç›®ãŠã‚ã§ã¨ã†ã”ã–ã„ã¾ã™ã€‚ç§ãŒåˆã‚ã¦ãã‚‰ã‚’è¦‹ãŸã®ã¯ã€ã‚¨ã‚¤ãƒªã‚¢ãƒ³ã‚¨ã‚¤ãƒªã‚¢ãƒ³ã®ã‚«ãƒãƒ¼ã§ã—ãŸã€‚å¤§å¥½ãã§ã€ä»Šã§ã‚‚è´ã„ã¦ã„ã¾ã™ã€‚ã“ã‚Œã‹ã‚‰ã‚‚è‡ªåˆ†ã‚‰ã—ãã¦ã‚„ã£ã¦ãã ã•ã„ã­ï¼å®‰å…¨ã«ãã ã•ã„ã€‚
8/13/2021 6:33:24,pawi,@tasukigenrou2,Philippines,"Congratulations in your 4year anniversary sora-chan.. I always watch your streams even though i can't understand japanese, my favorite stream of yours is when you play minecraft. Ganbare! o7",ãã‚‰ã¡ã‚ƒã‚“ã€4å‘¨å¹´ãŠã‚ã§ã¨ã†ï¼æ—¥æœ¬èªãŒã‚ã‹ã‚‰ãªãã¦ã‚‚ã€ãã‚‰ã¡ã‚ƒã‚“ã®é…ä¿¡ã‚’ã„ã¤ã‚‚è¦‹ã¦ã„ã¾ã™ã€‚ãã‚‰ã¡ã‚ƒã‚“ã®é…ä¿¡ã«ä¸€ç•ªå¥½ããªã®ã¯ãƒã‚¤ã‚¯ãƒ©ã§ã™ã€‚ãŒã‚“ã°ã‚Œï¼ o7
8/13/2021 6:35:08,Gabriel GonÃ§alves da Costa,@Gabriel04873021,Brazil,"Feliz AniversÃ¡rio Sora-chan Estou muito feliz que vocÃª ainda seja uma pessoa muito fofa e inspiradora, vocÃª continua nos trazendo um sorriso e sua felicidade Ã© a nossa felicidade.",
8/13/2021 6:35:33,Kada,Kada420,Brunei,"Hello, the first clip that I saw was when you headbutt your table and it was really funny. Your streams calms me down after a hard day at work. I'll always be here to support you now and in the future","ã“ã‚“ã«ã¡ã¯ã€‚è‡ªåˆ†æœ€åˆã«è¦‹ãŸæ˜ åƒã¯ã€ãã‚‰ã¡ã‚ƒã‚“ãŒãƒ†ãƒ¼ãƒ–ãƒ«ã«é ­çªãã‚’ã™ã‚‹ã‚·ãƒ¼ãƒ³ã§ã—ãŸãŒã€ã¨ã¦ã‚‚é¢ç™½ã‹ã£ãŸã§ã™ã€‚
ãã‚‰ã¡ã‚ƒã‚“ã®æ”¾é€ã¯ã€ä»•äº‹ã§ç–²ã‚ŒãŸç§ã‚’è½ã¡ç€ã‹ã›ã¦ãã‚Œã¾ã™ã€‚ã“ã‚Œã‹ã‚‰ã‚‚ãšã£ã¨å¿œæ´ã—ã¦ã„ã¾ã™ã€‚"
8/13/2021 6:38:02,"GaÃ±a, Felix Homerson A.",@GawrBowson,Philippines,"Hello Sora-chan! 
I'm a big fan of yours! I often watch your streams while reviewing, your voice calms me so much that I remain peaceful even if I'm solving Aerodynamics problems. Daisuki dayo! ~~ ;*","ã“ã‚“ã«ã¡ã¯ãã‚‰ã¡ã‚ƒã‚“ï¼
å¤§ãƒ•ã‚¡ãƒ³ã§ã™ï¼ç§ã¯ã„ã¤ã‚‚å‹‰å¼·ã—ãªãŒã‚‰ãã‚‰ã¡ã‚ƒã‚“ã®æ”¾é€ã‚’è¦‹ã¦ã„ã¾ã™ã€‚ãã‚‰ã¡ã‚ƒã‚“ã®å£°ã¯ã»ã‚“ã¨ã«ç™’ã•ã‚Œã‚‹ã€ãƒªãƒ©ãƒƒã‚¯ã‚¹ã—ãªãŒã‚‰ã‚¨ã‚¢ãƒ­ãƒ€ã‚¤ãƒŠãƒŸã‚¯ã‚¹å•é¡Œã‚’è§£æ±ºã§ãã‚‹ã€‚
å¤§å¥½ãã ã‚ˆï¼"
8/13/2021 6:51:36,Douglas Ma,@SexyKaigaiNiki,United-States,"Happy 4th anniversary Sora!  Thank you for being such a sweet, adorable, and kind girl we adore in our lives. Your streams are fun and singing is fantastic. To many more years with us and Hololive :^)","ï¼”å‘¨å¹´ãŠã‚ã§ã¨ã†ãã‚‰ã¡ã‚ƒã‚“ï¼
å„ªã—ãã¦ã§ã‹ã‚ã„ãã¦ã§ç´ æ•µãªå¥³ã®å­ã§ã„ã¦ãã‚Œã¦ã‚ã‚ŠãŒã¨ã†ã€‚ãã‚‰ã¡ã‚ƒã‚“ã®æ”¾é€ã‚’æ¥½ã—ã„ã€æ­Œå£°ã‚’ç´ æ™´ã‚‰ã—ã€‚
ã“ã‚Œã‹ã‚‰ã‚‚ã‚ˆã‚ã—ããŠé¡˜ã„ã—ã¾ã™ã€‚ :^)"
8/13/2021 7:06:54,JasFrost,@HeeHo_JasFrost,Philippines,"In a single month of knowing you. You have rekindled my passion with your amazing songs and your lovely personality. Thank you Sora-chan, for wherever life takes me, I will forever be your fan!","ï¼‘ãƒ¶æœˆã®é–“ã«ã€ãã‚‰ã¡ã‚ƒã‚“ã®ç´ æ™´ã‚‰ã—ã„æ­Œã¨ç´ æ•µãªäººæŸ„ã§ã€ç§ã®æƒ…ç†±ã«å†ã³ç«ã‚’ã¤ã‘ã¦ãã‚Œã¾ã—ãŸã€‚
ã‚ã‚ŠãŒã¨ã†ãã‚‰ã¡ã‚ƒã‚“ï¼ã€€
äººç”ŸãŒã©ã†ãªã‚ã†ã¨ã€ç§ã¯æ°¸é ã«ãã‚‰ã¡ã‚ƒã‚“ã®ãƒ•ã‚¡ãƒ³ã§ã™ï¼"
8/13/2021 7:49:39,Amir Hariz,,Malaysia,"Hello Sora chan! First of all, CONGRATULATION for your 4th anniversary! I would like to say thank you for always be there for me and thank you for lighting up my lonely world. I will always support u!","ã“ã‚“ã«ã¡ã¯ãã‚‰ã¡ã‚ƒã‚“ï¼å…ˆãšã¯ã€ï¼”å‘¨å¹´ãŠã‚ã§ã¨ã†ã”ã–ã„ã¾ã™ï¼
ã„ã¤ã‚‚ç§ã®ãã°ã«ã„ã¦ãã‚Œã¦ã€ç§ã®å­¤ç‹¬ãªä¸–ç•Œã‚’ç…§ã‚‰ã—ã¦ãã‚Œã¦ã€ã»ã‚“ã¨ã«ã‚ã‚ŠãŒã¨ã†ã€‚ãšã£ã¨å¿œæ´ã—ã¦ã„ã¾ã™ï¼"
8/13/2021 8:20:23,Ouyuki,,Malaysia,Happy 4th anniversary. Soratomo will be always be with you wherever you go. May you soar to sky with your dream. May god bless you. I always happy to see your stream and it soothing my day. Ganbatte.,"ï¼”å‘¨å¹´ãŠã‚ã§ã¨ã†ã”ã–ã„ã¾ã™ã€‚
ãã‚‰ã¡ã‚ƒã‚“ãŒã©ã“ã«è¡Œã£ã¦ã‚‚ã€ãã‚‰ã¨ã‚‚ã¯ã„ã¤ã‚‚ãã°ã«ã„ã¾ã™ã€‚ãã‚‰ã¡ã‚ƒã‚“ã®å¤¢ã‚’å®Ÿç¾ã«é¡˜ã£ã¦ã„ã¾ã™ã€‚ç¥ã®ã”åŠ è­·ã‚’ï¼
ãã‚‰ã¡ã‚ƒã‚“ã®æ”¾é€ã¯ã™ã£ã”ãå¬‰ã—ãã¦ç™’ã•ã‚Œã‚‹ã€‚
ãŒã‚“ã°ã£ã¦ï¼"
8/13/2021 11:21:51,Shuda,@shudahimatsu,Indonesia,"Always love to see a hardworking person like Sora chan, blessed you sora chan, stay healthy and keep up smile",ãã‚‰ã¡ã‚ƒã‚“ã®ã‚ˆã†ãªå‹¤å‹‰ãªäººã‚’è¦‹ã‚‹ã®ã¯ã„ã¤ã‚‚å¥½ãã§ã™ã€‚é•·å¯¿ã¨ç¹æ „ã‚’ã€‚
8/13/2021 12:23:38,ClÃ©ment,@ratratc,France,"Thank you very much sora for everything you do, i really appreciate you, happy birthday.",ã„ã¤ã‚‚ã‚ã‚ŠãŒã¨ã†ã”ã–ã„ã¾ã™ãã‚‰ã•ã‚“ã€‚èª•ç”Ÿæ—¥ãŠã‚ã§ã¨ã† ã€‚
8/13/2021 12:31:48,Tyrian Shine,@Tyrian_Shine,Lebanon,"You're super cute and badass, Sora-chan! Your voice is very relaxing and I love your sense of humor. Thank you for all the content you give us, and I hope you have a lot of fun too! Happy anniversary!","ãã‚‰ã¡ã‚ƒã‚“ã¯è¶…ã‹ã‚ã„ã„ã§ã‹ã£ã“ã„ã„ã§ã™ã€‚
ãã‚‰ã¡ã‚ƒã‚“ã®å£°ã¯ã¨ã¦ã‚‚ãƒªãƒ©ãƒƒã‚¯ã‚¹ã§ãã‚‹ã—ã€ç¬‘ã„ã®ã‚»ãƒ³ã‚¹ã‚‚å¤§å¥½ãã§ã™ã€‚ã„ã¤ã‚‚ã‚³ãƒ³ãƒ†ãƒ³ãƒ„ã‚’ä½œã£ã¦ãã‚Œã¦ã‚ã‚ŠãŒã¨ã†ã€‚ã“ã‚Œã‹ã‚‰ã‚‚ãŸãã•ã‚“æ¥½ã—ã‚“ã§ãã ã•ã„ã­ã€‚
è¨˜å¿µæ—¥ãŠã‚ã§ã¨ã†ã”ã–ã„ã¾ã™ã€‚"
8/13/2021 13:08:42,Esrael,,Finland,"Sora is such a sweet, kind and hardworking person! Her dedication to learn English has inspired me in turn to start learning Japanese. I wish you the best on your 4th anniversary, Sora-chan!","ãã‚‰ã¡ã‚ƒã‚“ã¯ã¨ã¦ã‚‚å„ªã—ãã¦ã€å‹¤å‹‰ãªäººã§ã™ã€‚
ãã‚‰ã¡ã‚ƒã‚“ã®è‹±èªå­¦ç¿’ã¸ã®ç†±å¿ƒã•ã«åˆºæ¿€ã•ã‚Œã¦ã€ç§ã‚‚æ—¥æœ¬èªå­¦ç¿’ã‚’å§‹ã‚ã¾ã—ãŸã€‚
4å‘¨å¹´ãŠã‚ã§ã¨ã†ã”ã–ã„ã¾ã™ã€‚"
8/13/2021 13:19:26,Marc Daniel,@MaakuDan,Philippines,"Hello Sora-chan! Here's love and support from the Philippines, You were one of the first Vtubers i watched when i discovered hololive, i am glad that i get to watch you, Happy 4th Anniversary Sora! ","ã“ã‚“ã«ã¡ã¯ãã‚‰ã¡ã‚ƒã‚“ï¼ãƒ•ã‚£ãƒªãƒ”ãƒ³ã‹ã‚‰æ„›ã‚’è¾¼ã‚ã¦ã€‚
ãã‚‰ã¡ã‚ƒã‚“ã¯ã€ãƒ›ãƒ­ãƒ©ã‚¤ãƒ–ã‚’è¦‹ã¤ã‘ãŸã¨ãã«æœ€åˆã«è¦‹ãŸVTUBERã®ï¼‘äººã§ã™ã€‚ãã‚‰ã¡ã‚ƒã‚“ã‚’è¦‹ã‚‹ã“ã¨ãŒã§ãã‚‹ã“ã¨ã‚’å¬‰ã—ãæ€ã„ã¾ã™ã€‚
ï¼”å‘¨å¹´ãŠã‚ã§ã¨ã†ï¼"
8/13/2021 13:36:46,Carpediem Chin,,United-States,"I'm so glad I was able to find your streams, they're very relaxing & fun to watch! Happy 4th anniversary! Here's to another great year!","ãã‚‰ã¡ã‚ƒã‚“ã®æ”¾é€ã‚’è¦‹ã¤ã‘ã‚‹ã“ã¨ãŒã§ãã¦æœ¬å½“ã«è‰¯ã‹ã£ãŸã§ã™ã€‚ã¨ã¦ã‚‚ãƒªãƒ©ãƒƒã‚¯ã‚¹ã€æ¥½ã—ã„ã§ã™ï¼
ï¼”å‘¨å¹´ãŠã‚ã§ã¨ã†ã”ã–ã„ã¾ã™ï¼ä»Šå¹´ã‚‚ã‚ˆã‚ã—ããŠé¡˜ã„ã—ã¾ã™ï¼"
8/13/2021 13:46:44,Darren,@HLazarusB,Malaysia,Sora-chan I've haven't been a soratomo for long but I love your streams as they make me feel very comfortable and relax. Love your music stream hope you'll release some new original songs soon :).,"ãã‚‰ã¡ã‚ƒã‚“ã€ãã‚‰ã¨ã‚‚ã«ãªã£ã¦ã¾ã æ—¥ãŒæµ…ã„ã§ã™ãŒã€ãã‚‰ã¡ã‚ƒã‚“ã®æ”¾é€ãŒå¤§å¥½ãã§ã™ã€‚ç§ã‚’ãƒªãƒ©ãƒƒã‚¯ã‚¹ã•ã›ã¦ãã‚Œã¾ã™ã€‚
ãã‚‰ã¡ã‚ƒã‚“ã®æ­Œæ æ”¾é€ãŒå¤§å¥½ãã§ã™ã€‚æ—©ãã‚ªãƒªã‚¸ãƒŠãƒ«æ›²ã‚’å‡ºã—ã¦ã»ã—ã„ãªã€‚:)"
8/13/2021 14:10:53,Steven Cote Jr,@SteveTheODST,United-States,"Happy 4th Anniversary! As a newer fan, you've become my favorite Vtuber. I love your singing & your adorable personality. I look forward to more of the content you provide! Keep being awesome!","ï¼”å‘¨å¹´ãŠã‚ã§ã¨ã†ã”ã–ã„ã¾ã™ã€‚
ç§ã¯ã¾ã ãƒ•ã‚¡ãƒ³ã«ãªã£ãŸã°ã‹ã‚Šã§ã™ãŒã€ãã‚‰ã¡ã‚ƒã‚“ã¯ç§ã®ãŠæ°—ã«å…¥ã‚Šã®VTUBERã«ãªã‚Šã¾ã—ãŸã€‚ãã‚‰ã¡ã‚ƒã‚“ã®æ­Œã¨æ€§æ ¼ãŒå¤§å¥½ãã§ã™ã€‚
ã“ã‚Œã‹ã‚‰ã‚‚ã‚³ãƒ³ãƒ†ãƒ³ãƒ„ã‚’æ¥½ã—ã¿ã«ã—ã¦ã„ã¾ã™ã€‚ã‚ˆã‚ã—ããŠé¡˜ã„ã—ã¾ã™ã€‚"
8/13/2021 15:05:30,Meferswift,,Indonesia,"Hello sora, happy Anniversary.  Hope you still strong and persistent as ever. ã¬ã‚“ã¬ã‚“ ",ã“ã‚“ã«ã¡ã¯ãã‚‰ã¡ã‚ƒã‚“ã€‚è¨˜å¿µæ—¥ãŠã‚ã§ã¨ã†ã”ã–ã„ã¾ã™ã€‚ç›¸å¤‰ã‚ã‚‰ãšã®å¼·ã•ã¨ç²˜ã‚Šå¼·ã•ã‚’é¡˜ã£ã¦ã„ã¾ã™ã€‚ã¬ã‚“ã¬ã‚“
8/13/2021 16:15:46,Daniel,,Mexico,Good job,ã‚°ãƒƒã‚¸ãƒ§ãƒ–
8/13/2021 17:16:46,Erik,@Ushi_0929,Philippines,Happy 4th anniversary sora-chan!! I hope you stay cheerful as always and I'm looking forward to another year!!! ,"ï¼”å‘¨å¹´ãŠã‚ã§ã¨ã†ãã‚‰ã¡ã‚ƒã‚“ï¼
ã„ã¤ã‚‚å…ƒæ°—ã«ã—ã¦ã­ã€‚ä»Šå¹´ã‚‚ã‚ˆã‚ã—ããŠé¡˜ã„ã—ã¾ã™ã€‚"
8/13/2021 17:20:23,Galatea ,,United-States,"Hi Sora, It hasnâ€™t been long but since finding you Iâ€™ve come to treasure you greatly. Sadly I donâ€™t understand Japanese but I donâ€™t let that stop me from admiring you. Congrats on making it this far. ","ã“ã‚“ã«ã¡ã¯ãã‚‰ã¡ã‚ƒã‚“ã€‚
ãã‚‰ã¡ã‚ƒã‚“ã‚’ç™ºè¦‹ã—ã¦ã‹ã‚‰ã¾ã æ™‚é–“ãŒçµŒã£ã¦ã„ã¾ã›ã‚“ãŒã€ç§ã¯ãã‚‰ã¡ã‚ƒã‚“ã‚’ã¨ã¦ã‚‚å¤§åˆ‡ã«ã—ã¦ã„ã¾ã™ã€‚æ®‹å¿µãªãŒã‚‰ã€æ—¥æœ¬èªã‚’ç†è§£ã§ãã¾ã›ã‚“ãŒã€ãã‚Œã§ã‚‚ãã‚‰ã¡ã‚ƒã‚“ã‚’å°Šæ•¬ã—ã¦ã„ã¾ã™ã€‚
ã“ã“ã¾ã§æ¥ã‚ŒãŸã“ã¨ãŠã‚ã§ã¨ã†ï¼"
8/13/2021 18:18:04,Mirosu,@_hiammirosu,Malaysia,"SODA CHANNN  www you are an amazing idol! Thank you for your hard work ever since the day 1. Without you, I wouldn't be able to see hololive todayã‚ã‚ŠãŒã¨ã†ã”ã–ã„ã¾ã™!! æµ·å¤–ã«æ¥ã‹ã‚‰ :""^)","ãã ã¡ã‚ƒã‚“!ï½—ï½—ï½—
ãã‚‰ã¡ã‚ƒã‚“ã¯ç´ æ™´ã‚‰ã—ã„ã‚¢ã‚¤ãƒ‰ãƒ«ã§ã™! 1æ—¥ç›®ã‹ã‚‰ãšã£ã¨é ‘å¼µã£ã¦ãã‚Œã¦ã‚ã‚ŠãŒã¨ã†ã”ã–ã„ã¾ã™ã€‚ãŠã‹ã’ã•ã¾ã§ã€ãƒ›ãƒ­ãƒ©ã‚¤ãƒ–ãŒã„ã‚‹ã€‚"
8/13/2021 18:42:29,æ­Œè©ã®Riela,@RielaKashino,Malaysia,Hello Sora-chan! I am just a humble overseas fan of yours that has been watching you when you only had 10k subscribers! I do not comment as much as others but I am always supporting you. Love you~,"ã“ã‚“ã«ã¡ã¯ãã‚‰ã¡ã‚ƒã‚“ã€‚
ç§ã¯æµ·å¤–ã®ãƒ•ã‚¡ãƒ³ã§ã™ã€‚ã¾ã ç™»éŒ²è€…æ•°ãŒ1ä¸‡äººã—ã‹ã„ãªã„é ƒã‹ã‚‰ãšã£ã¨è¦‹ã¦ã„ã¾ã—ãŸã€‚ã‚³ãƒ¡ãƒ³ãƒˆã¯ã‚ã¾ã‚Šã—ã¾ã›ã‚“ãŒã€ã„ã¤ã‚‚å¿œæ´ã—ã¦ã„ã¾ã™ã€‚
ã ã„ã™ãï¼"
8/13/2021 19:52:11,Jonalee (ã‚¸ãƒ§ãƒŠãƒªï¼‰,@finejonalee_,Canada,Sora-chan! Congratulations on celebrating your 4th anniversary! I hope you're proud of yourself because Soratomos are so proud of everything you've accomplished! Thank you for becoming an idol!,"ãã‚‰ã¡ã‚ƒã‚“ï¼ï¼”å‘¨å¹´ãŠã‚ã§ã¨ã†ï¼
è‡ªåˆ†ã‚’èª‡ã‚Šã«æ€ã†ã€‚ãã‚‰ã¨ã‚‚ã¯ãã‚‰ã¡ã‚ƒã‚“ã‚’èª‡ã‚Šã«æ€ã£ã¦ã„ã¾ã™ï¼
ã‚¢ã‚¤ãƒ‰ãƒ«ã«ãªã£ã¦ãã‚Œã¦ã‚ã‚ŠãŒã¨ã†ï¼"
8/13/2021 22:30:41,Tokino Soda [Sodatomo Sovereign],,Philippines,"Congratulations Sora-chan on your 4th anniversary as a Vtuber. Always do your best and you can do it. Soratomos are here to support you.

Step and Go! ","ãã‚‰ã¡ã‚ƒã‚“ã€ï¼”å‘¨å¹´ãŠã‚ã§ã¨ã†ã”ã–ã„ã¾ã™ã€‚
ã„ã¤ã‚‚ãŒã‚“ã°ã£ã¦ãã ã•ã„ã€‚ãã‚‰ã¡ã‚ƒã‚“ãªã‚‰ã§ãã‚‹ï¼ãã‚‰ã¨ã‚‚ã¯ã„ã¤ã‚‚å¿œæ´ã—ã¦ã„ã¾ã™ã€‚
Step and Go!"
8/13/2021 23:04:31,ã‚¶ãƒ•ãƒ©ã‚«ãƒ«,@Akaruizakura,Philippines,"Hello Sora chan !!! Happy 4 anniversary of being the foundation of Hololive , I hope you will still continue your journey and have great life in the future , I wish your good luck Sora-Chan ğŸ’“â¤ï¸â¤ï¸","ã“ã‚“ã«ã¡ã¯ãã‚‰ã¡ã‚ƒã‚“ï¼ï¼ï¼
ï¼”å‘¨å¹´ãŠã‚ã§ã¨ã†ã”ã–ã„ã¾ã™ã€‚ãƒ›ãƒ­ãƒ©ã‚¤ãƒ–ã‚’å§‹ã‚ã¦ãã‚Œã¦ã‚ã‚ŠãŒã¨ã†ã€‚ã“ã‚Œã‹ã‚‰ã‚‚ã¾ã ã¾ã æ—…ã‚’ç¶šã‘ã¦ã€ç´ æ•µãªäººç”Ÿã‚’æ­©ã‚“ã§ã„ã£ã¦ãã ã•ã„ã­ã€‚
ãã‚‰ã¡ã‚ƒã‚“ã®å¹¸é‹ã‚’ç¥ˆã£ã¦ã„ã¾ã™ã€‚â¤ï¸â¤ï¸â¤ï¸"
8/13/2021 23:13:27,Alexandrite,@kebxkhw,Vietnam,"You and your stream always heal me, encourage me when I'm sad or tired. I will always support you, and love you! Happy 4th anniversary, Sora-chan.  ","ãã‚‰ã¡ã‚ƒã‚“ã®æ”¾é€ã¯ã„ã¤ã‚‚ç§ã‚’ç™’ã—ã¦ãã‚Œã¾ã™ã€‚æ‚²ã—ã„æ™‚ã‚„ç–²ã‚ŒãŸæ™‚ã«ã¯åŠ±ã¾ã—ã¦ãã‚Œã¾ã™ã€‚
ã“ã‚Œã‹ã‚‰ã‚‚ãšã£ã¨å¿œæ´ã—ã¦ã„ã¾ã™ã€‚ãã‚‰ã¡ã‚ƒã‚“å¥½ãï¼
ï¼”å‘¨å¹´ãŠã‚ã§ã¨ã†ï¼"
8/13/2021 23:51:27,Carl Jefferson Julaton,@KugisakiCarl,Philippines,"Hello Sora Chan! If you ever read this message, Hi Iâ€™m from the Philippines! I did watch your video clips from youtube. I will never forget you hard work since the beginning of the hololive, Suki!","ã“ã‚“ã«ã¡ã¯ãã‚‰ã¡ã‚ƒã‚“ï¼ãƒ•ã‚£ãƒªãƒ”ãƒ³ã‹ã‚‰æ„›ã‚’è¾¼ã‚ã¦ã€‚
ãã‚‰ã¡ã‚ƒã‚“ã®åˆ‡ã‚Šå–ã‚Šå‹•ç”»ã‚’Youtubeã‹ã‚‰è¦‹ã¾ã—ãŸã€‚ãƒ›ãƒ­ãƒ©ã‚¤ãƒ–ã‹ã‚‰ã®é ‘å¼µã‚Šã¯å¿˜ã‚Œã¾ã›ã‚“ï¼
å¥½ã"
8/14/2021 1:10:20,Rushia Drugs,@RushiaDrugs,Malaysia,"Hey Sora-chan! I've always admired you about everything, you're cute, intelligent, gorgeous, kind-hearted and you're so precious. We will support you forever.Thankyou& Happy 4th Anniversary Sora Chan!",
8/14/2021 1:27:06,Gracis ,@gracis003,Philippines,Sora Congratulations on your 4th year anniversary we fans are happy that you reach this milestone.,"ãã‚‰ã¸
ï¼”å‘¨å¹´ãŠã‚ã§ã¨ã†ã”ã–ã„ã¾ã™ã€‚ãƒ•ã‚¡ãƒ³ã®çš†ã•ã‚“ã¯ã€ãã‚‰ã¡ã‚ƒã‚“ãŒã“ã®æˆæœã«åˆ°é”ã—ãŸã“ã¨ã‚’å–œã‚“ã§ã„ã¾ã™ã€‚"
8/14/2021 3:51:26,DarthMalak ,,Germany,Happy anniversary from Germany ,è¨˜å¿µæ—¥ãŠã‚ã§ã¨ã†ã”ã–ã„ã¾ã™ã€‚ãƒ‰ã‚¤ãƒ„ã‹ã‚‰
8/14/2021 5:01:05,Elle,@ErahimeArts,Philippines,"Sora-chan! Thank you for all your hardwork, please continue to do your best! Hoping for many more fun years together. We love you so much!","ãã‚‰ã¡ã‚ƒã‚“ï¼
ã„ã¤ã‚‚ã‚ã‚ŠãŒã¨ã†ã€‚ã“ã‚Œã‹ã‚‰ã‚‚ãŒã‚“ã°ã£ã¦ãã ã•ã„ã­ã€‚æ¥½ã—ã„æ—¥ã€…ãŒç¶šãã“ã¨ã‚’ç¥ˆã£ã¦ã„ã¾ã™ã€‚å¤§å¥½ãï¼"
8/14/2021 5:45:14,Emilio,@Mayfly06,France,"Happy 4th Anniversary to our one of the best and lovely idols, Tokino Sora! I would like you to know that we really appreciate you for giving joy in our lives just by watching you. Best wishes to you!",æœ€é«˜ã§ç´ æ•µãªã‚¢ã‚¤ãƒ‰ãƒ«ã¨ãã®ãã‚‰ã•ã‚“ã€ï¼”å‘¨å¹´ãŠã‚ã§ã¨ã†ã”ã–ã„ã¾ã™ã€‚ãã‚‰ã¡ã‚ƒã‚“ã‚’è¦‹ã¦ã„ã‚‹ã ã‘ã§ã€ç§ãŸã¡ã®ç”Ÿæ´»ã«å–œã³ã‚’ä¸ãˆã¦ãã‚Œã¦ã€ã»ã‚“ã¨ã«æ„Ÿè¬ã—ã¦ã„ã¾ã™ã€‚
8/14/2021 6:05:40,Padagas Allen,@BoomerYabe,Philippines,Happy 4th Anniversary ,ï¼”å‘¨å¹´ãŠã‚ã§ã¨ã†ã”ã–ã„ã¾ã™ï¼
8/14/2021 6:17:55,Zource,,Philippines,"Congratulations to the senpai of all senpais! G.O.A.T.! I'm not a active watcher of streams but I sometimes do drop by and watch Sora-chan's streams and it's always fun, comfy, and wonderful like Sora",ãŠã‚ã§ã¨ã†ã”ã–ã„ã¾ã™ï¼å…¨ã¦ã®å…ˆè¼©ã®ä¸­ã®å…ˆè¼©ã§ã™ã€‚ãã‚‰ã¡ã‚ƒã‚“ãŒå²ä¸Šæœ€é«˜ã§ã™ï¼ ç§ã¯é…ä¿¡ã‚’ç©æ¥µçš„ã«è¦‹ã‚‹æ–¹ã§ã¯ã‚ã‚Šã¾ã›ã‚“ãŒã€æ™‚ã€…ç«‹ã¡å¯„ã£ã¦ãã‚‰ã¡ã‚ƒã‚“ã®é…ä¿¡ã‚’è¦‹ã¦ã„ã¾ã™ãŒã€ã„ã¤ã‚‚æ¥½ã—ãã¦ã€å¿ƒåœ°ã‚ˆãã¦ã¨ã€ãã‚‰ã¡ã‚ƒã‚“ã®ã‚ˆã†ã«ç´ æ•µã§ã™ã€‚
8/14/2021 6:35:52,Kian-Keneki,@Kian_tweet,Philippines,"Happy 4 Year's Anniversary Our Beloved Sora â¤ï¸ğŸ» Thank You For Being Born and For Everything This Past 4 Year's, Glad To Be in This Journey of Smile's & Joy With Soratomos and With Our Beloved Sora   ","æ„›ã™ã‚‹ãã‚‰ã¡ã‚ƒã‚“ã€ï¼”å‘¨å¹´ãŠã‚ã§ã¨ã†ã”ã–ã„ã¾ã™â¤ï¸ğŸ»
ç”Ÿã¾ã‚Œã¦ãã¦ãã‚Œã¦ã€ã“ã®ï¼”å¹´é–“ã®ã™ã¹ã¦ã€æœ¬å½“ã«æ„Ÿè¬ã—ã¦ã„ã¾ã™ã€‚ãã‚‰ã¨ã‚‚ã®çš†ã•ã‚“ã¨ä¸€ç·’ã«ç¬‘é¡”ã¨å–œã³ã®æ—…ãŒã§ãã‚‹ã“ã¨ã‚’å¬‰ã—ãæ€ã„ã¾ã™ã€‚"
8/14/2021 6:39:31,Danial Fridayana,@DanialFridayana,Indonesia,"Hello Sora! Congratulation on your 4th anniversary!! You are a great singer and your stream always calming and interesting to watch, lets do our best until the next anniversary! Soratomo banzai!!","ã“ã‚“ã«ã¡ã¯ãã‚‰ã¡ã‚ƒã‚“ï¼ï¼”å‘¨å¹´ãŠã‚ã§ã¨ã†ï¼ï¼
ãã‚‰ã¡ã‚ƒã‚“ã¯æ­Œã‚‚ä¸Šæ‰‹ã ã—ã€æ”¾é€ã¯ã„ã¤ã‚‚è¦‹ã¦ã„ã¦è½ã¡ç€ãã—ã€é¢ç™½ã„ã§ã™ã€‚ãŒã‚“ã°ã£ã¦ã­ï¼ãã‚‰ã¨ã‚‚ä¸‡æ­³ï¼ï¼"
8/14/2021 6:59:01,allein,@allein74731478,Japan,"ãã‚‰ã¡ã‚ƒã‚“å››å‘¨å¹´ãŠã‚ã§ã¨ã†ã”ã–ã„ã¾ã™ï¼
å¤¢ã«å‘ã‹ã£ã¦ä¸€æ­©ãšã¤ã€ã‚†ã£ãã‚Šã¨çœŸæ‘¯ã«æ­©ãç¶šã‘ã‚‹ãã‚‰ã¡ã‚ƒã‚“ã«ã„ã¤ã‚‚å…ƒæ°—ã‚’è²°ã£ã¦ã„ã¾ã™ã€‚ãã‚‰ã¡ã‚ƒã‚“ãŒå¤¢ã«å‘ã‹ã£ã¦å…ƒæ°—ã«ä¸€æ­©ã‚’è¸ã¿å‡ºã›ã‚‹ã‚ˆã†ã«ã€ã“ã‚Œã‹ã‚‰ã‚‚ä¸€äººã®ãã‚‰ã¨ã‚‚ã¨ã—ã¦å¿œæ´ã—ã¦ã„ã¾ã™ã€‚äº”å¹´ç›®ã‚‚ã‚ˆã‚Šè‰¯ã„ä¸€å¹´ã«ãªã‚Šã¾ã™ã‚ˆã†ã«ï¼
æ­¢ã¾ã‚‹ã‚“ã˜ã‚ƒã­ã‡ãï¼â€‹â€‹(à¹‘â•¹á†ºâ•¹)",
8/14/2021 9:03:57,NeroGM,@Nero31179712,Indonesia,"Thank you sora, for always stay true to yourself, wish you all the best in this 4th anniversary of yours
Keep up the good spirit and don't forget to stay healthy :)",ãã‚‰ã¡ã‚ƒã‚“ã€ã„ã¤ã‚‚è‡ªåˆ†ã«æ­£ç›´ã§ã„ã¦ãã‚Œã¦ã‚ã‚ŠãŒã¨ã†ã€‚ï¼”å‘¨å¹´ãŠã‚ã§ã¨ã†ã”ã–ã„ã¾ã™ï¼å…ƒæ°—ã§ã­ã€€:)
8/14/2021 9:42:29,Bagas Wahyu Alif Alamsyach,@BagasWahyu428,Indonesia,"Selamat ulang tahun yang ke 4 Sora-chan
Berkat kamu, aku tertawa lebih keras dan tersenyum lebih banyak
Terima kasih telah mewarnai hari""ku yang terasa membosankan ini
Aku akan selalu mendukungmu","ï¼”å‘¨å¹´ãŠã‚ã§ã¨ã†ãã‚‰ã¡ã‚ƒã‚“ã€‚
ãã‚‰ã¡ã‚ƒã‚“ã®ãŠã‹ã’ã§ã€ã‚‚ã£ã¨ç¬‘ã£ã¦ã€ã‚‚ã£ã¨ç¬‘é¡”ã«ãªã‚Œã¾ã™ã€‚
ç§ã®é€€å±ˆãªæ¯æ—¥ã‚’å½©ã£ã¦ãã‚Œã¦ã‚ã‚ŠãŒã¨ã†ã€‚
ã“ã‚Œã‹ã‚‰ã‚‚ãšã£ã¨å¿œæ´ã—ã¦ã„ã¾ã™ã€‚"
8/14/2021 14:29:05,Leriu Lerina,,India,"Hello Sora Chan,I've always loved your voice and I think that your so sweet and loving it makes my cheeks hurts from smiling all the time and I'm so so happy to know you!!! ","ã“ã‚“ã«ã¡ã¯ãã‚‰ã¡ã‚ƒã‚“ã€‚
ãã‚‰ã¡ã‚ƒã‚“ã¯ã¨ã¦ã‚‚å„ªã—ãã¦ã€æ„›ã™ã¹ãäººã ã¨æ€ã£ã¦ã„ã¾ã™ã€‚å£°ã‚‚å¥½ãã§ã™ã€‚ç§ã¯ã„ã¤ã‚‚ç¬‘ã£ã¦ã„ã¦ã»ã£ãºãŸãŒç—›ããªã‚Šã¾ã™ã€‚ãã‚‰ã¡ã‚ƒã‚“ã‚’çŸ¥ã‚‹ã“ã¨ãŒã§ãã¦æœ¬å½“ã«è‰¯ã‹ã£ãŸã§ã™ï¼ï¼ï¼"
8/14/2021 14:34:16,Lerina san,@TheSad_Lad,India,"Hello Sora Chan,thank you so much for all your hard work and you're never ending love towards us,I'm just one person but know you mean so much to many never give up never keep fighting,always no.1!!!!","ã“ã‚“ã«ã¡ã¯ãã‚‰ã¡ã‚ƒã‚“ã€‚
ã„ã¤ã‚‚ã‚ã‚ŠãŒã¨ã†ã”ã–ã„ã¾ã™ã€‚ç§ãŸã¡ã¸ã®çµ‚ã‚ã‚Šã®ãªã„æ„›ã«æœ¬å½“ã«æ„Ÿè¬ã—ã¦ã„ã¾ã™ã€‚ãã‚‰ã¡ã‚ƒã‚“ãŒå¤šãã®äººã«ã¨ã£ã¦å¤§åˆ‡ãªå­˜åœ¨ã§ã™ã€‚
æ±ºã—ã¦ã‚ãã‚‰ã‚ãšã€ãšã£ã¨æˆ¦ã„ç¶šã‘ã¦ãã ã•ã„ã€‚ã„ã¤ã‚‚No.1ï¼ï¼ï¼"
8/14/2021 15:44:05,Chris Vighagen,,Sweden,"I whish you a happy special day, and thank you for being a bright calming light in our lives!",ãã‚‰ã¡ã‚ƒã‚“ã«å¹¸ã›ãªç‰¹åˆ¥ãªæ—¥ãŒè¨ªã‚Œã¾ã™ã‚ˆã†ã«ã€‚ç§ãŸã¡ã®ç”Ÿæ´»ã®ä¸­ã§ã€æ˜ã‚‹ãç©ã‚„ã‹ãªå…‰ã§ã„ã¦ãã‚Œã¦ã‚ã‚ŠãŒã¨ã†ã”ã–ã„ã¾ã™ã€‚
8/14/2021 16:26:25,Jusu Bakkusu,@jusubakkusu,Philippines,"Eiyo Soda~
Thank you for not giving up since the very beginning, as Azki once said ""Hololive won't be here without you."" Thank you again and I hope you fulfill your goal of performing in the budoukan.","ã“ã‚“ã«ã¡ã¯ãã ã¡ã‚ƒã‚“~
æœ€åˆã‹ã‚‰æœ€å¾Œã¾ã§è«¦ã‚ãšã«é ‘å¼µã£ã¦ãã‚Œã¦ã‚ã‚ŠãŒã¨ã†ã€‚ã‹ã¤ã¦AZKiãŒè¨€ã£ãŸã‚ˆã†ã«ã€ã€Œãã‚‰ã¡ã‚ƒã‚“ãŒã„ãªã‘ã‚Œã°ã€ãƒ›ãƒ­ãƒ©ã‚¤ãƒ–ã¯å­˜åœ¨ã—ãªã„ã€ã€‚
æ¨ªæµœã‚¢ãƒªãƒ¼ãƒŠã§ãƒ©ã‚¤ãƒ–ã‚’ã¿ãŸã„ã€‚"
8/14/2021 17:16:07,ç§ã‚ˆ ãƒãƒ³ãƒãƒ¼ã‚°ã‚ˆ!!,@hamburger_222,Japan,"ãã‚‰ã¡ã‚ƒã‚“æ´»å‹•ï¼”å‘¨å¹´ãŠã‚ã§ã¨ã†(à¹‘â•¹á†ºâ•¹)
ï¼‘äººã§æ”¾é€ã™ã‚‹ã®ã‚‚ã¨ã£ã¦ã‚‚ä¸Šæ‰‹ã«ãªã£ã¦ã€æ¥½ã—ãæ”¾é€ã—ã¦ã„ã‚‹ã®ãŒç§ã¯å‡„ãå¬‰ã—ã„ã‚ˆãƒ¼(*Â´Ï‰ï½€*)

ï¼•å‘¨å¹´ç›®ã¯ã‚‚ã£ã¨ã‚‚ã£ã¨æ¥½ã—ãã¬ã‚“ã¬ã‚“ã¨æ´»å‹•ã—ã¦ã„ã“ã†ã­ï¼

ã¾ã ã¾ã ã€è½ã¡ç€ã‹ãªã„çŠ¶æ³ã§ã¯ã‚ã‚‹ã‘ã‚Œã©æ­¢ã¾ã‚‰ã­ã‡ãï½ã®ç²¾ç¥ã§é€²ã‚“ã§ã„ã“ã†â‚â‚ â—(â€¢Ì€ã…‚â€¢Ì)â—Ÿ â¾â¾
ã“ã‚Œã‹ã‚‰ã‚‚å¿œæ´ã—ã¦ã„ãããƒ¼à­§(à¹‘â€¢Ì€ã…â€¢Ìà¹‘)à«­âœ§",
8/14/2021 17:20:25,Cody,@sdw4ter,United-States,"Thank you for helping Yagoo with his dream! Being first looks difficult at times... you are put on a pedestal, but it doesn't stop you from shining and we love seeing your shiny smiley story! ãŠã‚ã§ã¨ã†!","YAGOOã®å¤¢ã‚’å¿œæ´ã—ã¦ãã‚Œã¦ã‚ã‚ŠãŒã¨ã†ã”ã–ã„ã¾ã™ï¼
ï¼‘ç•ªã«ãªã‚‹ã“ã¨ã¯æ™‚ã«é›£ã—ãè¦‹ãˆã¾ã™ãŒã€ãã‚‰ã¡ã‚ƒã‚“ãŒè¼ãã“ã¨ã‚’æ­¢ã‚ã‚‹ã“ã¨ã¯ã‚ã‚Šã¾ã›ã‚“ã€‚
ãã‚‰ã¡ã‚ƒã‚“ã®ã€ŒSHINY SMILEY STORYã€ã‚’å¤§å¥½ãï¼ãŠã‚ã§ã¨ã†ï¼"
8/14/2021 17:27:33,KappaPride,@_DSmora,Indonesia,"Congratulations Sora for the 4th anniversary!! Wish you all the best!! Know that you have all the fans around the world cheering on you, once again, HAPPY ANNIVERSARY!!! ","ãã‚‰ã¡ã‚ƒã‚“ã€ï¼”å‘¨å¹´ãŠã‚ã§ã¨ã†ï¼ï¼ï¼
ã“ã‚Œã‹ã‚‰ã‚‚ãŒã‚“ã°ã£ã¦ãã ã•ã„ã­ï¼ï¼ä¸–ç•Œä¸­ã®ãƒ•ã‚¡ãƒ³ãŒãã‚‰ã¡ã‚ƒã‚“ã‚’å¿œæ´ã—ã¦ã„ã‚‹ã“ã¨ã‚’çŸ¥ã£ã¦ãã ã•ã„ã€‚
æ”¹ã‚ã¦ã€è¨˜å¿µæ—¥ãŠã‚ã§ã¨ã†ï¼ï¼ï¼"
8/14/2021 18:20:30,AdriÃ¡n,@RedEmhain,Mexico,"From MÃ©xico to you, Sorachan!! Congrats and lots of love. ",ãƒ¡ã‚­ã‚·ã‚³ã‹ã‚‰æ„›ã‚’è¾¼ã‚ã¦ã€‚ãŠã‚ã§ã¨ã†ãã‚‰ã¡ã‚ƒã‚“ï¼å¤§å¥½ã
8/14/2021 18:45:02,Riz,,Indonesia,"Hello Sora!!! I see your gameplay and watch the Stream when Online, Its a Great time seeing You enjoy the Game and have a Good Time! I hope You the Best, keep the Great Work and see You next Stream!ğŸ¤—",ã“ã‚“ã«ã¡ã¯ã€ãã‚‰ã¡ã‚ƒã‚“ï¼ç§ã¯ãã‚‰ã¡ã‚ƒã‚“ã®ã‚²ãƒ¼ãƒ ãƒ—ãƒ¬ã‚¤ã‚’è¦‹ã¦ã€ãƒãƒƒãƒˆã®æ™‚ã¯é…ä¿¡ã‚’è¦‹ã¦ã€ãã‚‰ã¡ã‚ƒã‚“ãŒã‚²ãƒ¼ãƒ ã‚’æ¥½ã—ã‚“ã§ã„ã‚‹ã®ã‚’è¦‹ã¦ã€æ¥½ã—ã„æ™‚é–“ã‚’éã”ã—ã¦ã„ã¾ã™ã€‚ãã‚‰ã¡ã‚ƒã‚“ãŒæœ€é«˜ã®ä»•äº‹ã‚’ã—ã¦ã€ãã—ã¦æ¬¡ã®æ”¾é€ã§ãŠä¼šã„ã—ã¾ã—ã‚‡ã†ã­ï¼ğŸ¤—
8/14/2021 18:50:44,Argalire,,France,"HB Sora-chan!

I hope this year will be even better for you than the previous ones. Whether we are sad or happy watching your streams puts us in a good mood and I hope you are happy too!

Many thanks!","è¨˜å¿µæ—¥ãŠã‚ã§ã¨ã†ã”ã–ã„ã¾ã™ãã‚‰ã¡ã‚ƒã‚“ï¼
ä»Šå¹´ã¯ã•ã‚‰ã«è‰¯ã„å¹´ã«ãªã‚‹ã¨ã„ã„ã§ã™ã­ã€‚æ‚²ã—ãã¦ã‚‚ã€å¬‰ã—ãã¦ã‚‚ã€ãã‚‰ã¡ã‚ƒã‚“ã®æ”¾é€ã‚’è¦‹ã¦ã„ã‚‹ã¨ã„ã„æ°—åˆ†ã«ãªã‚Œã¾ã™ã€‚ãã‚‰ã¡ã‚ƒã‚“ã‚‚å¹¸ã›ã«ãªã£ã¦ã­ã€‚
ã‚ã‚ŠãŒã¨ã†ã”ã–ã„ã¾ã—ãŸï¼"
8/14/2021 18:58:31,Syah,,Malaysia,"Hello Sora, congrats on your 4th anniversary. It has been quite a while since you started bringing hope to this world. Thank you for being the cornerstone of Hololive and happy anniversary","ã“ã‚“ã«ã¡ã¯ãã‚‰ã¡ã‚ƒã‚“ã€‚ï¼”å‘¨å¹´ãŠã‚ã§ã¨ã†ã”ã–ã„ã¾ã™ã€‚
ãã‚‰ã¡ã‚ƒã‚“ãŒã“ã®ä¸–ç•Œã«å¸Œæœ›ã‚’ã‚‚ãŸã‚‰ã—å§‹ã‚ã¦ã‹ã‚‰ã€ã‹ãªã‚Šã®æ™‚é–“ãŒçµŒã¡ã¾ã—ãŸã€‚ãƒ›ãƒ­ãƒ©ã‚¤ãƒ–ã®åŸºç›¤ã¨ãªã£ã¦ãã‚Œã¦ã‚ã‚ŠãŒã¨ã†ï¼
è¨˜å¿µæ—¥ãŠã‚ã§ã¨ã†ï¼"
8/14/2021 19:24:39,Matt,@pizafile,Australia,"Youâ€™re so nice and kind. The streams you make are very soothing, I love watching them",ãã‚‰ã¡ã‚ƒã‚“ã¯ã¨ã¦ã‚‚ç´ æ•µã§å„ªã—ã„äººã§ã™ã€‚ãã‚‰ã¡ã‚ƒã‚“ã®æ”¾é€ã‚’è¦‹ã‚‹ã®ãŒå¤§å¥½ãã§ã™ã€‚ã¨ã¦ã‚‚ç™’ã•ã‚Œã¾ã™ã€‚
8/14/2021 20:45:55,Usakashi,@Faisal123Ryandi,Indonesia,"Hello
I know that I just started watching your stream in January
But I always waiting for your video and Stream even if I don't have enough time
And I always Love You from the deepest of my heartâ¤ï¸","ã“ã‚“ã«ã¡ã¯ã€‚
ç§ã¯ï¼‘æœˆã«ãã‚‰ã¡ã‚ƒã‚“ã®æ”¾é€ã‚’è¦‹å§‹ã‚ãŸã°ã‹ã‚Šã§ã™ã€‚
ãŸã¨ãˆæ™‚é–“ãŒãªãã¦ã‚‚ã€ã„ã¤ã‚‚ãã‚‰ã¡ã‚ƒã‚“ã®å‹•ç”»ã‚„æ”¾é€ã‚’å¾…ã£ã¦ã„ã¾ã™ã€‚
å¿ƒã®åº•ã‹ã‚‰ã‚’å¤§å¥½ãï¼â¤ï¸"
8/14/2021 21:46:23,Richard M. Aquino,@Richard64830622,Philippines,Hello our beautiful goddess. Thank you for everything and happy 4th anniversary. ,"ã“ã‚“ã«ã¡ã¯å¥³ç¥æ§˜ã€‚
ã„ã¤ã‚‚ã‚ã‚ŠãŒã¨ã†ã”ã–ã„ã¾ã™ã€‚ï¼”å‘¨å¹´ãŠã‚ã§ã¨ã†ã”ã–ã„ã¾ã—ãŸã€‚"
8/14/2021 23:25:42,Timothy ,@Ayo_ayo_ae,Indonesia,"Hello Sora-chan, hope you will have a blast on this 4th anniversary. Keep doing what you loveand we all love you â¤ thank youu","ã“ã‚“ã«ã¡ã¯ãã‚‰ã¡ã‚ƒã‚“ã€‚ï¼”å‘¨å¹´æ¥½ã—ã‚“ã§ã­ã€‚
ã“ã‚Œã‹ã‚‰ã‚‚å¥½ããªã“ã¨ã‚’ç¶šã‘ã¦ãã ã•ã„ï¼ã¿ã‚“ãªã¯ãã‚‰ã¡ã‚ƒã‚“ã®ã“ã¨ãŒå¤§å¥½ãã€‚â¤ 
ã‚ã‚ŠãŒã¨ã†ã”ã–ã„ã¾ã—ãŸã€‚"
8/15/2021 1:43:03,Sensational,@Sensational016,Philippines,"Life is not perfect, but with hard work, you can make it better. I hope you get plenty of occasions to celebrate your successes. Best of luck.","äººç”Ÿã¯å®Œç’§ã§ã¯ã‚ã‚Šã¾ã›ã‚“ãŒã€åŠªåŠ›æ¬¡ç¬¬ã§ã‚ˆã‚Šè‰¯ã„ã‚‚ã®ã«ã™ã‚‹ã“ã¨ãŒã§ãã¾ã™ã€‚
ãã‚‰ã¡ã‚ƒã‚“ã®æˆåŠŸã‚’ç¥ã†æ©Ÿä¼šãŒãŸãã•ã‚“ã‚ã‚‹ã“ã¨ã‚’é¡˜ã£ã¦ã„ã¾ã™ã€‚ãŒã‚“ã°ã£ã¦ãã ã•ã„ã€‚"
8/15/2021 3:07:23,NIK ARASY,-,Malaysia,"I started knew and follow hololive this year from my brother. Among the members, I really respect and admire Tokino Sora because of her attitude and her spirit to not give up till now. ","ä»Šå¹´ã«å…¥ã£ã¦ã‹ã‚‰ã¯ã€å…„ã®å½±éŸ¿ã§ãƒ›ãƒ­ãƒ©ã‚¤ãƒ–ã‚’è¦‹ã¦ã„ã¾ã—ãŸã€‚
ãƒ›ãƒ­ãƒ¡ãƒ³ã®ä¸­ã§ã¯ã€ã¨ãã®ãã‚‰ã•ã‚“ã®è«¦ã‚ãªã„åŠ›ã‚’ã¨ã¦ã‚‚å°Šæ•¬ã—ã¦ã„ã¾ã™ã€‚ã“ã‚Œã‹ã‚‰ã‚‚ãŒã‚“ã°ã£ã¦ãã‚‰ã¡ã‚ƒã‚“ï¼ï¼
ãšã£ã¨å¿œæ´ã—ã¦ã„ã¾ã™ï¼ï¼"
8/15/2021 3:13:30,Aiman,@Rie26050969,Malaysia,Hello Sora-san congratulations for your 4th anniversary I really like watching your stream and your stream always make me happy and I will continue to support you in the future ï¼ˆï¼¾Ï‰ï¼¾ï¼‰,"ã“ã‚“ã«ã¡ã¯ãã‚‰ã•ã‚“ã€‚ï¼”å‘¨å¹´ãŠã‚ã§ã¨ã†ã”ã–ã„ã¾ã™ã€‚
ç§ã¯ãã‚‰ã•ã‚“ã®æ”¾é€ã‚’è¦‹ã‚‹ã®ãŒã¨ã¦ã‚‚å¥½ãã§ã€ã„ã¤ã‚‚å¹¸ã›ãªæ°—æŒã¡ã«ã•ã›ã¦ã‚‚ã‚‰ã£ã¦ã„ã¾ã™ã€‚
ã“ã‚Œã‹ã‚‰ã‚‚ãšã£ã¨å¿œæ´ã—ã¦ã„ã¾ã™ã€‚ï¼ˆï¼¾Ï‰ï¼¾ï¼‰"
8/15/2021 3:17:02,Hisyam,,Malaysia,"Kon~some~ Goddess of Fall and Lava, Sorachi, Happy 4 Anniversary for you our lovely Seiso Idol Goddess, may you always healthy and Seiso, here is your offering, oh Goddess ğŸ¥¤ğŸ»ğŸ¥¤...",ã“ã‚“ãã‚ãã‚‰ã¡ã‚ƒã‚“ã€ ãƒã‚°ãƒã¨è½ä¸‹ã®å¥³ç¥ã€ãã‚‰ã¡ã€‚4å‘¨å¹´ãŠã‚ã§ã¨ã†ã”ã–ã„ã¾ã™ï¼ç§ãŸã¡ã®ç´ æ•µãªã¨æ¸…æ¥šã®ã‚¢ã‚¤ãƒ‰ãƒ«å¥³ç¥æ§˜ã€‚ã„ã¤ã¾ã§ã‚‚å¥åº·ã§æ¸…æƒã§ã„ã‚‰ã‚Œã¾ã™ã‚ˆã†ã«ã€‚ã§ã‚ã€ã“ã“ã«ç§ã®æä¾›ãŒã‚ã‚‹ã€ã‚ã‚å¥³ç¥æ§˜ğŸ¥¤ğŸ»ğŸ¥¤ã€‚
8/15/2021 7:59:22,Henry,@popdoggo,Australia,"Congratulations on your 4th anniversary Sora-chan!!! I may have poor health but your voice has really helped me get through the rough times, and im really thankful to you. Congratulations again!!!","ãã‚‰ã¡ã‚ƒã‚“ã€ï¼”å‘¨å¹´ãŠã‚ã§ã¨ã†ã”ã–ã„ã¾ã™ï¼ï¼ï¼
ç§ã¯ä½“èª¿ãŒæ‚ªã„ã®ã§ã™ãŒã€ãã‚‰ã¡ã‚ƒã‚“ã®å£°ã§è¾›ã„æ™‚ã‚‚ä¹—ã‚Šè¶Šãˆã‚‰ã‚Œã¾ã—ãŸã€‚æœ¬å½“ã«æ„Ÿè¬ã—ã¦ã„ã¾ã™ã€‚
æ”¹ã‚ã¦ã€ãŠã‚ã§ã¨ã†ã”ã–ã„ã¾ã™ï¼"
8/15/2021 9:13:21,Muhammad Fadhil,@FVessalius,Indonesia,"To Tokino Sora-san, Happy 4th Years AnniversaryğŸ‰ğŸŠ, I Wish For Your Success In The Future, And To Keep You're Brightest Smile No Matter What Trouble May Come Along The WayğŸ˜Š Thanks For Everything~~","ã¨ãã®ãã‚‰ã•ã‚“ã¸
ï¼”å‘¨å¹´ãŠã‚ã§ã¨ã†ã”ã–ã„ã¾ã™ğŸ‰ğŸŠã“ã‚Œã‹ã‚‰ã®ã”æ´»èºã‚’ãŠç¥ˆã‚Šã™ã‚‹ã¨ã¨ã‚‚ã«ã€ã©ã‚“ãªå•é¡Œãƒ«ãŒã‚ã£ã¦ã‚‚æ˜ã‚‹ã„ç¬‘é¡”ã§ã„ã¦ãã ã•ã„ã­ğŸ˜Šã„ã¤ã‚‚ã‚ã‚ŠãŒã¨ã†ã”ã–ã„ã¾ã™ã€‚"
8/15/2021 12:10:56,ysfdafaa,@ysfdafaa,Indonesia,"Sora-chan, selamat ulang tahun!! ",è¨˜å¿µæ—¥ãŠã‚ã§ã¨ã†ã”ã–ã„ã¾ã™ã€‚
8/15/2021 12:28:02,Denver,@DenverLfp,Philippines,"Congratulations Sora on your 4th anniv, you really deserve it. You are one of the biggest reasons why Hololive started and I'm really grateful & thankful for that from the bottom of my heart:) We â¤ï¸ u","ï¼”å‘¨å¹´ãŠã‚ã§ã¨ã†ãã‚‰ã¡ã‚ƒã‚“ã€‚
ãã‚‰ã¡ã‚ƒã‚“ã¯ãƒ›ãƒ­ãƒ©ã‚¤ãƒ–ãŒå§‹ã¾ã£ãŸæœ€å¤§ã®ç†ç”±ã®ä¸€ã¤ã§ã™ã€‚æœ¬å½“ã«å¿ƒã®åº•ã‹ã‚‰æ„Ÿè¬ã—ã¦ã„ã¾ã™ã€‚:)
We â¤ï¸ You"
8/15/2021 12:40:20,Yoshino San,@Yoshinomaki12,Philippines,"Sora Chan!Mahal Kita! Happy 4th anniversary,I may be not a fan since the beginning but I see a lot of videos that You work really hard!I really admire you for that! Your the best Keep up the good work","ãã‚‰ã¡ã‚ƒã‚“ï¼å¤§å¥½ãï¼ï¼”å‘¨å¹´ãŠã‚ã§ã¨ã†ã”ã–ã„ã¾ã™ã€‚
ç§ã¯æœ€åˆã‹ã‚‰ã®ãƒ•ã‚¡ãƒ³ã§ã¯ãªã„ã‹ã‚‚ã—ã‚Œã¾ã›ã‚“ãŒã€ãŸãã•ã‚“ã‚’ãã‚‰ã¡ã‚ƒã‚“ã®å‹•ç”»ã‚’è¦‹ã¦ã„ã¾ã™ã€‚æœ¬å½“ã«é ‘å¼µã£ã¦ã„ã¾ã™ã­ã€‚å°Šæ•¬ã—ã¦ã„ã¾ã™ï¼
ãã‚‰ã¡ã‚ƒã‚“æœ€é«˜ï¼ã“ã‚Œã‹ã‚‰ã‚‚ãŒã‚“ã°ã£ã¦ãã ã•ã„ã­ã€‚"
8/15/2021 13:12:18,Jojojojojo,,Malaysia,"Congratulations on 4 years Sora-chan!!! Although I didn't get to know you until last year, you have made many of our lives very happy and amazing. Love you!!! â¤ï¸","4å‘¨å¹´ãŠã‚ã§ã¨ã†ãã‚‰ã¡ã‚ƒã‚“ï¼ï¼ï¼
ãã‚‰ã¡ã‚ƒã‚“ã¨çŸ¥ã‚Šåˆã£ãŸã®ã¯æ˜¨å¹´ã®ã“ã¨ã§ã™ãŒã€ãã‚‰ã¡ã‚ƒã‚“ã®ãŠã‹ã’ã§ç§ãŸã¡ã®ç”Ÿæ´»ã¯ã¨ã¦ã‚‚å¹¸ã›ã§ã™ã€‚
ã ã„ã™ãï¼ï¼ï¼â¤ï¸"
8/15/2021 18:49:50,Kiyoru,@Kravlenko_,Indonesia,Happy 4th anniv Sora-chan! Kiyo is a new Soratomo~ Kiyo love Sora-chan's content especially Sora-chan's karaoke stream & song cover. Kiyo hope Sora-chan will continue to streaming & reach 1 mil subs!!,"ãã‚‰ã¡ã‚ƒã‚“ã€ï¼”å‘¨å¹´ãŠã‚ã§ã¨ã†ï¼
Kiyoã¯æ–°ã—ã„ãã‚‰ã¨ã‚‚ã§ã™ã€‚Kiyoã¯ãã‚‰ã¡ã‚ƒã‚“ã®ã‚³ãƒ³ãƒ†ãƒ³ãƒ„ãŒå¤§å¥½ãã€ç‰¹ã«ãã‚‰ã¡ã‚ƒã‚“ã®æ­Œæ”¾é€ã¨æ­Œã£ã¦ã¿ãŸå‹•ç”»ãŒå¤§å¥½ãã§ã™ã€‚
ã“ã‚Œã‹ã‚‰ã‚‚é…ä¿¡ã‚’ç¶šã‘ã¦ã€100ä¸‡äººã‚’é”æˆã™ã‚‹ã“ã¨ã‚’é¡˜ã£ã¦ã„ã¾ã™ï¼ï¼"
8/15/2021 19:54:25,Shane,@ShaneYap1,Malaysia,"Hi Sora, Happy 4th anniversary, It is good to see Hololive grew so big since your first debut. Even though I only watch your Minecraft stream only (sorry). I wish you for all best in the future ","ï¼”å‘¨å¹´ãŠã‚ã§ã¨ã†ã”ã–ã„ã¾ã™ãã‚‰ã¡ã‚ƒã‚“ã€‚
ãƒ›ãƒ­ãƒ©ã‚¤ãƒ–ãŒã“ã‚“ãªã«å¤§ãããªã£ã¦ã„ã‚‹ã®ã‚’è¦‹ã‚‹ã®ã¯å¬‰ã—ã„ã§ã™ã€‚
ç§ã¯ãƒã‚¤ã‚¯ãƒ©ã®é…ä¿¡ã—ã‹è¦‹ã¦ã„ã¾ã›ã‚“ãŒã€ã“ã‚Œã‹ã‚‰ã‚‚é ‘å¼µã£ã¦ãã ã•ã„ã€‚"
8/15/2021 22:23:06,EMITAIN,@EMITWEETS234,Canada,å››å‘¨å¹´ãŠã‚ã§ã¨ã†ã”ã–ã„ã¾ã™ï¼æ°—æŒã¡çš„ã«ç„¦ã£ã¦ã„ã‚‹æ™‚ã¯ãã‚‰ã¡ã‚ƒã‚“ã®ã‚ªãƒ¼ãƒ©ã§è½ã¡ç€ã‘ã¾ã™ã€‚ãã†ã„ã†é­”æ³•ã¿ãŸã„ãªèƒ½åŠ›ã¯ã©ã†ã‚„ã£ã¦æ‰‹ã«å…¥ã‚Œã‚‹ã®ã§ã—ã‚‡ã†ã€‚æ•™ãˆã¦ãã‚Œã¾ã›ã‚“ã‹ï¼Ÿãã®ãŠè¿”ã—ã«ã€è‹±èªã®å˜èªã‚’æ•™ãˆã¾ã™ã€‚ã€ŒInclusiveã€= åŒ…å«çš„ã€‚ã¨ã“ã‚ã§ã€åƒ•ã®æ—¥æœ¬èªèƒ½åŠ›ã¯ã‚ã¾ã‚Šé«˜ããªã„ã§ã™ã‹ã‚‰ã€ä½•ã‹é–“é•ãˆãŸã‚‰ã™ã¿ã¾ã›ã‚“ã€‚,
8/16/2021 0:15:09,Muhammad Fariz Bahrul Ulum,@fariz2998,Indonesia,"Congratulations for your 4th Anniversary Sora chan!! I wish you well and happy forever, thank you for your creation and thank you all the things you have done,we really appreciate,#happy4thanniversary","ãã‚‰ã¡ã‚ƒã‚“ã€ï¼”å‘¨å¹´ãŠã‚ã§ã¨ã†ï¼ï¼ï¼
ã„ã¤ã¾ã§ã‚‚å…ƒæ°—ã§å¹¸ã›ã§ã„ã¦ãã ã•ã„ã­ã€‚ç”Ÿã¾ã‚Œã¦ãã¦ãã‚Œã¦ã‚ã‚ŠãŒã¨ã†ã€ä»Šã¾ã§ã®ã“ã¨ã‚‚ã‚ã‚ŠãŒã¨ã†ã€‚
æœ¬å½“ã«æ„Ÿè¬ã—ã¦ã„ã¾ã™ã€‚#happy4thanniversary"
8/16/2021 1:30:37,aruna,@arunasakti,Indonesia,"Thank you for never stop chasing your dreams, Sora-chan!",ãã‚‰ã¡ã‚ƒã‚“ã€ã„ã¤ã‚‚å¤¢ã‚’è¿½ã„ã‹ã‘ã¦ã„ã¦ã‚ã‚ŠãŒã¨ã†ã€‚
8/16/2021 3:59:39,Daryl Kim,@Mazzinochi,Philippines,"Hello Sora-chan, Congrats on your 4th Year Anniversary. Thank you for making us smile. I enjoy watching your streams. Your streams are very enjoyable and relaxing. Thank you and Congratulations.","ã“ã‚“ã«ã¡ã¯ãã‚‰ã¡ã‚ƒã‚“ã€‚ï¼”å‘¨å¹´ãŠã‚ã§ã¨ã†ã”ã–ã„ã¾ã™ã€‚
ã„ã¤ã‚‚ç¬‘é¡”ã«ã—ã¦ãã‚Œã¦ã‚ã‚ŠãŒã¨ã†ã€‚ãã‚‰ã¡ã‚ƒã‚“ã®æ”¾é€ã¯ã¨ã¦ã‚‚æ¥½ã—ãã¦ã€ãƒªãƒ©ãƒƒã‚¯ã‚¹ã§ãã‚‹ã—ã€‚
ã‚ã‚ŠãŒã¨ã†ã”ã–ã„ã¾ã™ã€ãã—ã¦ãŠã‚ã§ã¨ã†ã”ã–ã„ã¾ã™ã€‚"
8/16/2021 7:31:58,ãµãµãµ,@fuhufu_P,Japan,"ãã‚‰ã¡ã‚ƒã‚“4å‘¨å¹´ãŠã‚ã§ã¨ã†ã”ã–ã„ã¾ã™ï¼
ã‚ã£ã¨ã„ã†é–“ã«4å¹´ã‚‚ãŸã£ã¦ãŸã‚“ã ã­â€¦ã™ã”ã„ãªãâ€‹â€‹(à¹‘â•¹á†ºâ•¹)âœ¨
ã“ã‚Œã‹ã‚‰ã‚‚ãã‚‰ã¡ã‚ƒã‚“ã®æ´»èºç¥ˆã£ã¦ã¾ã™ï¼",
8/16/2021 7:46:50,æ°´æˆ¸ãƒåŠ©,@Jomitomike,Taiwan,ãã‚‰ã¡ã‚ƒã‚“ã€æ´»å‹•ï¼”å‘¨å¹´ãŠã‚ã§ã¨ã†ã”ã–ã„ã¾ã™ï¼4å¹´ã‚‚ç¶šã‘ã¦ãã‚Œã¦ã‚ã‚ŠãŒã¨ã†ã”ã–ã„ã¾ã™ï¼ã“ã‚Œã‹ã‚‰ã‚‚å¿œæ´ã—ã¾ã™ã­ï¼ãã‚‰ã¡ã‚ƒã‚“å¤§å¥½ãï¼,
8/16/2021 8:02:01,ä»®ã®ãã‚‰ã¿ã“,@tmchanken_1211,Japan,ãã‚‰ã¡ã‚ƒã‚“å››å‘¨å¹´ãŠã‚ã§ã¨ã†ï¼ï¼ãã‚‰ã¡ã‚ƒã‚“ã®é…ä¿¡ã«æ¯å›å…ƒæ°—ã‚’ã‚‚ã‚‰ã£ã¦ã¾ã™ï¼ï¼ã“ã‚Œã‹ã‚‰ã‚‚æ´»å‹•é ‘å¼µã£ã¦ã­ï¼ï¼,
8/16/2021 9:22:34,Cyrus,,Philippines,"Sora-sama, Happy Anniversary!! Thank you for your hard work these past 4 years! Without you, Hololive wouldn't be what it is today. Keep up the good work!!","ãã‚‰æ§˜ã€è¨˜å¿µæ—¥ãŠã‚ã§ã¨ã†ã”ã–ã„ã¾ã™ï¼ï¼ï¼
ã“ã®ï¼”å¹´é–“ã€æœ¬å½“ã«ãŠç–²ã‚Œæ§˜ã§ã—ãŸï¼ãã‚‰æ§˜ã®ãŠã‹ã’ã§ã€ä»Šã®ãƒ›ãƒ­ãƒ©ã‚¤ãƒ–ã¯ãªã‹ã£ãŸã€‚ã“ã‚Œã‹ã‚‰ã‚‚ãŒã‚“ã°ã£ã¦ãã ã•ã„ï¼ï¼"
8/16/2021 10:13:44,Matt,I dont have twitter. Sorry,Singapore,Happy Anniversary! :),è¨˜å¿µæ—¥ãŠã‚ã§ã¨ã†ã”ã–ã„ã¾ã™ï¼:)
8/16/2021 13:45:06,Andrew Tan,@andrewtanjb,Singapore,Happy 4th Anniversary Sora-chan! Sora-chan is very cute and I enjoy watching your streams and listening to your music. I will keep supporting you and I look forward to your live idol concerts!,"ãã‚‰ã¡ã‚ƒã‚“ã€ï¼”å‘¨å¹´ãŠã‚ã§ã¨ã†ã”ã–ã„ã¾ã™ï¼
ãã‚‰ã¡ã‚ƒã‚“ã¯ã¨ã¦ã‚‚å¯æ„›ãã¦ã€æ”¾é€ã¨éŸ³æ¥½ã‚‚æ¥½ã—ã„ã§ã™ã€‚
ã“ã‚Œã‹ã‚‰ã‚‚å¿œæ´ã—ã¦ã„ã¾ã™ã€‚ã‚¢ã‚¤ãƒ‰ãƒ«ã®ãƒ©ã‚¤ãƒ–ã‚‚æ¥½ã—ã¿ã«ã—ã¦ã„ã¾ã™!"
8/16/2021 14:06:45,ãƒãƒªãƒœãƒ†ã‚µãƒ©ãƒŸã‚¹,@HariboteRat,Japan,ãã‚‰ã¡ã‚ƒã‚“ã™ã“,ãã‚‰ã¡ã‚ƒã‚“ã™ã“ã€ãã‚‰ã¡ã‚ƒã‚“ã™ãã€‚
8/16/2021 16:16:46,ãƒ•ã‚¸ã‚¹ã‚­ãƒ¼,@W65010,Japan,"ãã‚‰ã¡ã‚ƒã‚“æœ¬å½“ã«4å‘¨å¹´ãŠã‚ã§ã¨ã†ï¼ï¼
ã“ã‚Œã‹ã‚‰ã‚‚é£›èºã‚’ç¶šã‘ã‚‹ãã‚‰ã¡ã‚ƒã‚“ã‚’
ãšã£ã¨å¿œæ´ã—ã¦ã„ã¾ã™ã€‚
ä¸€ç·’ã«æ¨ªã‚¢ãƒªè¡Œã“ã†ï¼ï¼",
8/17/2021 2:52:57,Henri,@erlkonig11,Indonesia,Congratulation sora chan,ãã‚‰ã¡ã‚ƒã‚“ãŠã‚ã§ã¨ã†ã€‚
8/17/2021 5:17:18,Paolin,@MonPaolin,Philippines,Ngayong taon ko lang na tagpuan ang hololive at hindi ako masyadong nanonood ng streams mo Sora pero nagustuhan ko ang iyong mga clips. Nung una kitang nakilala ay nung nahulog ka sa iyong upuan.ğŸ˜†,ä»Šå¹´ã¯ãƒ›ãƒ­ãƒ©ã‚¤ãƒ–ãŒè¦‹ã¤ã‘ãŸã®ã ã‹ã‚‰ãã‚‰ã¡ã‚ƒã‚“ã®é…ä¿¡ã¯ã‚ã¾ã‚Šè¦‹ã¦ãªã„ã‚ˆã§ã‚‚ã€åˆ‡ã‚ŠæŠœããŒå¥½ãã€‚æœ€åˆã«è¦‹ãŸã®ã¯ã€ãã‚‰ã¡ã‚ƒã‚“ãŒæ¤…å­ã‹ã‚‰è½ã¡ãŸã¨ãã§ã—ãŸã€‚ğŸ˜†
8/17/2021 10:19:07,No_longer_Human,@Nolonge72872155,Indonesia,"how Could i found myself to actually fallen in love with u? I found you on youtube when u are still a newbie!,I hope u can always keep shining brightly! Otsukare! And yoroshiku onegaishimasu again!",ã©ã†ã—ã¦ç§ã¯ãã‚‰ã¡ã‚ƒã‚“ã‚’å¥½ãã«ãªã£ã¦ã—ã¾ã£ãŸã®ã§ã—ã‚‡ã†ã‹ï¼Ÿã¾ã æ–°äººã®é ƒã«Youtubeã§è¦‹ã¤ã‘ãŸã‚“ã ã‚ˆï¼ã„ã¤ã¾ã§ã‚‚è¼ã„ã¦ã„ã¦ã»ã—ã„ãªã€‚ãŠã¤ã‹ã‚Œã•ã¾ ãã—ã¦ã€ã¾ãŸã€ã‚ˆã‚ã—ããŠé¡˜ã„ã—ã¾ã™ã€‚
8/17/2021 13:09:54,skan,@skan_ndk,South-Korea,ãã‚‰ã¡ã‚ƒã‚“ã€4å‘¨å¹´ãŠã‚ã§ã¨ã†ã”ã–ã„ã¾ã™ï¼ã“ã‚“ãªå¤§å¤‰ãªæ™‚æœŸã«ã‚‚ã„ã¤ã‚‚ã®å…ƒæ°—ãªç¬‘é¡”ã§é ‘å¼µã£ã¦ã‚‹ãã‚‰ã¡ã‚ƒã‚“ã‚’è¦‹ã¦ã€ä»Šå¹´ã‚‚ã™ã”ãå…ƒæ°—ã¨å‹‡æ°—ã‚’è²°ã„ã¾ã—ãŸã€‚ã“ã‚Œã‹ã‚‰ã®5å¹´ç›®ã‚‚ã€ãã‚‰ã¡ã‚ƒã‚“ã®ãƒšãƒ¼ã‚¹ã§æ¥½ã—ãæ´»å‹•ã§ãã‚‹1å¹´ã«ãªã‚Šã¾ã™ã‚ˆã†ã«ï¼ã„ã¤ã‚‚å¿œæ´ã—ã¦ã¾ã™ï¼,
8/18/2021 2:04:29,Celi,@celi_guitar,Canada,ç©ºåª½ï¼4é€±å¹´å¿«æ¨‚ã€‚ ä¸çŸ¥ä¸è¦ºå·²ç¶“æ˜¯ä½ çš„4é€±å¹´äº†ã€‚ç¥ä½ ä¾†å¹´ä¹Ÿç¹¼çºŒæ´»èºï¼æˆ‘å€‘ç©ºå‹æœƒæ”¯æŒä½ åˆ°ä¸–ç•Œç›¡é ­!,ãã‚‰ã¡ã‚ƒã‚“ã€4å‘¨å¹´ãŠã‚ã§ã¨ã†ã”ã–ã„ã¾ã™ã€‚ã‚ã£ã¨ã„ã†é–“ã«4å‘¨å¹´ãŒãŸã¡ã¾ã—ãŸã§ã™ã­ã€‚æ¥å¹´ã¯ãã£ã¨ã‚‚ã£ã¨ã‚‚ã£ã¨æ´»èºã•ã‚Œã‚‹ã“ã¨ã§ã—ã‚‡ã†ã€‚ç§ãŸã¡ãã‚‰ã¨ã‚‚ã¯ã€ä¸–ç•Œã®æœã¦ã¾ã§å¿œæ´ã—ã¦ã„ã¾ã™ã‚ˆã€‚
8/18/2021 2:46:43,Naim,,,I always support you. Dont forget to rest,ãã‚‰ã¡ã‚ƒã‚“ã®ã“ã¨ã‚’ãšã£ã¨æ”¯ãˆã¦ã„ã¾ã™ã€‚ã§ã‚‚ä¼‘æ†©å¿˜ã‚Œãªã„ã§ã­ã€‚
8/18/2021 3:50:36,Human,,Malaysia,Conratulations sora chan!!hope you have a good anniversary and happy always!!,ãã‚‰ã¡ã‚ƒã‚“ã€ï¼”å‘¨å¹´ãŠã‚ã§ã¨ã†ã”ã–ã„ã¾ã™ï¼è‰¯ã„è¨˜å¿µæ—¥ã‚’éã”ã—ã¦ã¨ã€ã„ã¤ã‚‚å¹¸ã›ã§ã„ã¦ã»ã—ã„ã§ã™ï¼
8/18/2021 5:17:51,Knives,@_knives8,Philippines,"Happy 4th Anniversary, Sora-chan! Thank you for all your hard work and being an inspiration to us all. We'll always be supporting you, no matter how long! ",ãã‚‰ã¡ã‚ƒã‚“ã€4å‘¨å¹´ãŠã‚ã§ã¨ã†ã”ã–ã„ã¾ã™ã€‚ã„ã¤ã‚‚é ‘å¼µã£ã¦ãã‚Œã¦ã€ç§ãŸã¡ã«æ„Ÿå‹•ã‚’ä¸ãˆã¦ãã‚Œã¦ã‚ã‚ŠãŒã¨ã†ã€‚ã„ã¤ã¾ã§ã‚‚ã¨æ°¸é ã«ç§ãŸã¡ã¯ã€ãšã£ã¨å¿œæ´ã—ã¦ã„ã¾ã™! 
8/18/2021 7:08:17,Â£é›ªéŸ³ï¼Šï¾•ï½·ï¾ˆï¼Š,@tamago_berymane,Japan,"ãã‚‰ã¡ã‚ƒã‚“4å‘¨å¹´ãŠã‚ã§ã¨ã†ğŸŠğŸŠğŸŠ
ã“ã‚Œã‹ã‚‰ã‚‚å¿œæ´ã—ã¦ã‚‹ã‚ˆï¼é ‘å¼µã£ã¦ã­ï¼ï¼ï¼à­§(à¹‘â€¢Ì€ã…â€¢Ìà¹‘)à«­âœ§",
8/19/2021 3:06:41,Fatih Muqtafi,@Liam_rillah,Indonesia,"Halo Sora-chan~,selamat hari jadi yang ke-4 saya adalah saratomos yang berasal dari indonesia,saya senang sekali ketika sora dan iofi berkolaborasi,saya sungguh menikmatinya. Sora neesan daisuki<3",ã“ã‚“ã«ã¡ã¯ã€ãã‚‰ã¡ã‚ƒã‚“ï½ã€‚ï¼”å‘¨å¹´ãŠã‚ã§ã¨ã†ã”ã–ã„ã¾ã™ï¼ã‚¤ãƒ³ãƒ‰ãƒã‚·ã‚¢ã®ãã‚‰ã¨ã‚‚ã§ã™ã€‚ãã‚‰ã¡ã‚ƒã‚“ã¨ã‚¤ã‚ªãƒ•ã‚£ã¡ã‚ƒã‚“ã¯ã‚³ãƒ©ãƒœã‚’ã™ã‚‹æ™‚ã«å¬‰ã—ã„ã§ã™ï¼ãã‚‰ã­ãˆã•ã‚“å¤§å¥½ãï¼
8/19/2021 9:26:21,Gale,@thsgale,Sweden,"Congratulations on your anniversary! 
You've come a long way and you will of course keep getting further, I believe that! Before you know it you will be performing at Yokohama Arena!
Best of luck!","å‘¨å¹´ãŠã‚ã§ã¨ã†ã€‚
ã“ã‚Œã¾ã§ã®é“ã®ã‚Šã¯ã€ã‚‚ã¡ã‚ã‚“ã“ã‚Œã‹ã‚‰ã‚‚ãšã£ã¨ç¶šã„ã¦ã„ãã¨æ€ã„ã¾ã™ã‚ˆã€‚ã„ã¤ã®é–“ã«ã‹ã€çµ¶å¯¾ã«æ¨ªæµœã‚¢ãƒªãƒ¼ãƒŠã§ãƒ©ã‚¤ãƒ–ã‚’ã—ã¦ã­ã€‚
æ”¹ã‚ã¦ãŠã‚ã§ã¨ã†ã”ã–ã„ã¾ã™ã€‚"
8/19/2021 16:49:18,ã»ã›,@age_nt_jose,Japan,"ãã‚‰ã¡ã‚ƒã‚“ã€æ´»å‹•4å‘¨å¹´ãŠã‚ã§ã¨ã†ã”ã–ã„ã¾ã™ğŸ‰
è‰²ã€…ã¨åˆ¶é™ã®ã‚ã‚‹ä¸­ã§ã®è©¦è¡ŒéŒ¯èª¤ã¨æŒ‘æˆ¦ã®1å¹´ã ã£ãŸã¨æ€ã„ã¾ã™ã€‚
ã“ã“ã§ã®æˆé•·ã‚„çµŒé¨“ã¯ã€ã“ã®å…ˆã®æ´»å‹•ã§å¿…ãšæ´»ãã¦ãã‚‹ãƒã‚ºã§ã™ã€‚
ã“ã‚Œã‹ã‚‰ã‚‚æŒ‘ã‚€ã“ã¨ã‚’å¿˜ã‚Œãšã€ç›®æ¨™ã«å‘ã‹ã£ã¦ã‚†ã£ãã‚Šæ­©ã„ã¦è¡Œã£ã¦ãã ã•ã„ï¼
é ‘å¼µã‚‹èƒŒä¸­ã‚’è‡ªåˆ†ãŸã¡ã¯æ”¯ãˆã€å¿œæ´ã—ã¦ã„ããŸã„ã¨æ€ã„ã¾ã™ï¼ï¼",
8/19/2021 19:06:11,Hatsuki Vfx,@HatsukiVfx,Philippines,ãƒãƒƒãƒ”ãƒ¼4å‘¨å¹´ã‚½ãƒ©ã¡ã‚ƒã‚“ã‚ãªãŸã®ã‚­ãƒ£ãƒªã‚¢ãŒæˆåŠŸã™ã‚‹ã“ã¨ã‚’é¡˜ã£ã¦ã„ã¾ã™ã€‚ iveã¯ã‚ãªãŸã®æ›²ã‚’è´ãã€ç‰¹åˆ¥ã«éå»ã®æ™‚é–“ã€æ‚²ã—ã¿ã€å­¤ç‹¬ã‚’ã‚¹ãƒˆãƒªãƒ¼ãƒŸãƒ³ã‚°ã—ã¾ã™ã€‚ã“ã®imã‚’å…¥åŠ›ã—ã¦ã„ã‚‹é–“ã€ã‚ãªãŸã¯ã™ã§ã«ã‚ãªãŸã®è¨˜å¿µæ—¥ã«å¹¸é‹ã‚’å«ã‚“ã§ã„ã¦ã€è‰¯ã„ä»•äº‹ã‚’ç¶šã‘ã¦ã„ã¾ã™,
8/19/2021 22:52:43,Joshua Soh,@strangechoices,Singapore,Sora-chan!!! Thank you for being the foundation for what we all know and love as hololive. Happy 4 years and we all hope to see you reach 5 too!!,ãã‚‰ã¡ã‚ƒã‚“ï¼ç§ãŸã¡ãŒçŸ¥ã£ã¦ã„ã‚‹ãƒ›ãƒ­ãƒ©ã‚¤ãƒ–ã®åŸºç›¤ã§ã‚ã‚‹ã“ã¨ã«æ„Ÿè¬ã—ã¦ã„ã¾ã™ã€‚4å‘¨å¹´ãŠã‚ã§ã¨ã†ã”ã–ã„ã¾ã™ï¼5å‘¨å¹´ã‚‚æœŸå¾…ã—ã¦ã„ã¾ã™ï¼
8/20/2021 7:48:24,JoonFatt,@joonfatt228,Malaysia,"ãã‚‰, ï¼”å‘¨å¹´ãŠã‚ã§ã¨ã†ï¼ãã‚‰ã®é…ä¿¡å¤§å¥½ãï¼ã“ã‚Œã‹ã‚‰ã‚‚å¿œæ´ã—ã¾ã™ï¼",
8/20/2021 10:19:52,IceWingsæ‚ ,@IceWingsYo,Hong Kong,æ­å–œç©ºåª½å››é€±å¹´è¨˜å¿µ~!!!,ãã‚‰ã¡ã‚ƒã‚“ã€4å‘¨å¹´ãŠã‚ã§ã¨ã†ã€‚æœ€åˆã¯ä½™ã‚Šã¤ã„ã¦ã„ã‘ãªã‹ã£ãŸã‘ã‚Œã©ã€ã“ã‚Œã‹ã‚‰ã‚‚ãšã£ã¨ã¤ã„ã¦è¡Œãã¾ã™ã‚ˆï½ï¼ï¼ï¼
8/20/2021 18:40:07,Apple Pines,@secret_pines,Philippines,"CONGRATULATIONS SORA-CHAN!!! I have discovered you only recently, but I will support you from here on. I hope you're always happy just like how you always make us happy. Keep up the good work~! ",ãã‚‰ã¡ã‚ƒã‚“ã€ãŠã‚ã§ã¨ã†ï¼æœ€è¿‘çŸ¥ã£ãŸã°ã‹ã‚Šã§ã™ãŒã€ã§ã‚‚ä»Šã‹ã‚‰ã‚‚å¿œæ´ã—ã¦ã„ã¾ã™ã€‚ã„ã¤ã‚‚ç§ãŸã¡ã‚’å¹¸ã›ã«ã—ã¦ãã‚Œã‚‹ã‚ˆã†ã«ã€ãã‚‰ã¡ã‚ƒã‚“ã®æ°¸é ã‚’å¹¸ã›ã«é¡˜ã£ã¦ã„ã¾ã™ã€‚ã“ã‚Œã‹ã‚‰ã‚‚ãŒã‚“ã°ã£ã¦ã­ï½ã€‚
8/21/2021 19:22:28,Gabriel Estorba,@gab_gabriel854,Philippines,"Sora wasn't the reason I got into Hololive but seeing her put so much effort into what she does made me realize how tough it is being an idol. She is an inspiration, to her kouhai and her audience",ç§ãŒãƒ›ãƒ­ãƒ©ã‚¤ãƒ–ã«è¦‹ã¦ã‚‹ã®ã¯ãã‚‰ã¡ã‚ƒã‚“ã®ãŠã‹ã’ã§ã˜ã‚ƒãªã„ã€ã§ã‚‚ã€ãã‚‰ã¡ã‚ƒã‚“ãŒè‡ªåˆ†ã®ä»•äº‹ã«ä¸€ç”Ÿæ‡¸å‘½ã«ãªã£ã¦ã„ã‚‹å§¿ã‚’è¦‹ã¦ã€ã‚¢ã‚¤ãƒ‰ãƒ«ã®å¤§å¤‰ã•ã‚’å®Ÿæ„Ÿã—ã¾ã—ãŸã€‚ãã‚‰ã¡ã‚ƒã‚“ã¯äº¤å‹é–¢ä¿‚ã‚„è¦–è´è€…ã«å½±éŸ¿ã‚’ä¸ãˆã¦ã„ã¾ã™ã€‚
8/23/2021 6:08:54,noname,@MonstePr,Kazakhstan,"For me, Sora chan is the bravest person in Hololive. There is only one single reason for that, she joined Hololive and decided to become a vtuber in 2017. Thank you so much for making such decision!!!","ç§ã«ã¨ã£ã¦ã€ãã‚‰ã¡ã‚ƒã‚“ã¯ãƒ›ãƒ­ãƒ©ã‚¤ãƒ–ã®ä¸­ã§æœ€ã‚‚å‹‡æ•¢ãªäººã¨æ€ã„ã¾ã™ã€‚ä½•æ•…ãªã‚‰ã€ãã‚‰ã¡ã‚ƒã‚“ãŒãƒ›ãƒ­ãƒ©ã‚¤ãƒ–ã‚’å§‹ã‚ã€ãã—ã¦ã€ï¼’ï¼ï¼‘ï¼—å¹´ã«vtuberã«ãªã‚Šã¾ã—ãŸã€‚
ãã‚“ãªæ±ºæ–­ã‚’æœ¬å½“ã«ã‚ã‚ŠãŒã¨ã†ã”ã–ã„ã¾ã™ï¼ï¼ï¼"
8/23/2021 12:43:54,MJ,@mj_piyopiyo,Japan,"ãã‚‰ã¡ã‚ƒã‚“4å‘¨å¹´ãŠã‚ã§ã¨ã†ï¼

å¹´æœˆã‚’é‡ã­ã‚‹ã”ã¨ã«è‰²ã€…ãªã‚‚ã®ã‚’ç©ã¿é‡ã­ç ”é‘½ã‚’é‡ã­ã¦ãã‚‰ã¡ã‚ƒã‚“ã¯ã©ã‚“ã©ã‚“é­…åŠ›çš„ã«ãªã£ã¦ã„ã£ã¦æœ¬å½“ã«å‡„ã„ã¨æ€ã†ã—å°Šæ•¬ã—ã¦ã„ã‚‹ã‚ˆï¼

ä»Šã¯ã¾ã ä¸–ç•Œã¯å¤§å¤‰ãªæ™‚æœŸã ã‘ã©ãã‚‰ã¡ã‚ƒã‚“ãªã‚‰ãã‚Œã‚’ä¹—ã‚Šè¶Šãˆã¦ã‚ˆã‚Šè‰¯ã„æœªæ¥ã‚’å‰µã‚Œã‚‹ã¨ä¿¡ã˜ã¦ã‚‹ï¼ã“ã‚Œã‹ã‚‰ã‚‚å¾®åŠ›ãªãŒã‚‰å¿œæ´ã•ã›ã¦ã­ï¼ã“ã‚Œã‹ã‚‰ã‚‚çš†ã§é€²ã‚“ã§è¡Œã“ã†ï¼

ãã‚‰ã¡ã‚ƒã‚“å¤§å¥½ãï¼ï¼ï¼ï¼
",
8/23/2021 14:41:52,ã‹ã£ã±ã®ã²ã‚Œ,@kappahire,Japan,"ãã‚‰ã¡ã‚ƒã‚“æ´»å‹•4å‘¨å¹´ãŠã‚ã§ã¨ã†ã”ã–ã„ã¾ã™ï¼ï¼ğŸ‰ğŸŠğŸ‰ğŸŠ

ã“ã®å››å¹´é–“ã§ãã‚‰ã¡ã‚ƒã‚“ã®æ§˜ã€…ãªå§¿ã‚’è¦‹ã‚‹ã“ã¨ãŒã§ãã¦ã€å¿œæ´ã—ã¦ã„ã¦è‰¯ã‹ã£ãŸã¨ã™ã”ãæ€ã„ã¾ã™ï¼

ãã‚‰ã¡ã‚ƒã‚“ã®äº‹ã‚’çŸ¥ã£ã¦ã‹ã‚‰ä»Šã¾ã§ã€ã„ã‚ã‚“ãªæ™‚ã«å…ƒæ°—ã‚’è²°ã£ã¦ã¾ã™ï¼
ãšã£ã¨æ´»å‹•ç¶šã‘ã¦ãã‚Œã¦ã€æœ¬å½“ã«ã‚ã‚ŠãŒã¨ã†ã”ã–ã„ã¾ã™ã€‚
5å¹´ç›®ã‚‚ãã®å…ˆã‚‚ã€ãã‚‰ã¡ã‚ƒã‚“ã‚’å¿œæ´ã—ã¦ã„ãã¾ã™ï¼ãã‚‰ã¡ã‚ƒã‚“å¤§å¥½ãï¼",
8/24/2021 0:10:55,Ibaraki,@w32ibaraki,Indonesia,"Finding you is one of my most precious memories as a fan of vtubers, even though I have only been one in a year and half. Please continue being an inspiration for all of us. Happy anniversary, Sora!",ãã‚‰ã¡ã‚ƒã‚“ã«å‡ºä¼šãˆãŸã“ã¨ã¯ã€Vtuberã®ãƒ•ã‚¡ãƒ³ã«ãªã£ã¦1å¹´åŠã—ã‹çµŒã£ã¦ã„ãªã„ç§ã«ã¨ã£ã¦ã€æœ€ã‚‚è²´é‡ãªæ€ã„å‡ºã®ã²ã¨ã¤ã§ã™ã€‚ã“ã‚Œã‹ã‚‰ã‚‚ç§ãŸã¡ã«ã‚¤ãƒ³ã‚¹ãƒ”ãƒ¬ãƒ¼ã‚·ãƒ§ãƒ³ã‚’ä¸ãˆç¶šã‘ã¦ãã ã•ã„ã€‚ãã‚‰ã¡ã‚ƒã‚“ã€è¨˜å¿µæ—¥ãŠã‚ã§ã¨ã†ã”ã–ã„ã¾ã™ã€‚
8/24/2021 3:42:55,ãˆã™ã‹ã‚‹ã”ãƒ¼,@escargot8inori,Japan,"ãã‚‰ã¡ã‚ƒã‚“ã€4å‘¨å¹´ãŠã‚ã§ã¨ã†ğŸŠ
ãŠå®¶ã§ã®é…ä¿¡ãŒãƒ¡ã‚¤ãƒ³ã«ãªã£ã¦ã‹ã‚‰ã€ãã‚‰ã¡ã‚ƒã‚“ã®ç´ ã®è¡¨æƒ…ã‚’æ²¢å±±è¦‹ã‚‹ã“ã¨ãŒå‡ºæ¥ã¦å‰ã‚ˆã‚Šå¤§å¥½ãã«ãªã£ãŸã‚ˆï¼
5å¹´ç›®ã‚‚é…ä¿¡ã€ãƒ©ã‚¤ãƒ–ã¨å¤§æ´»èºã™ã‚‹ãã‚‰ã¡ã‚ƒã‚“ã‚’æ¥½ã—ã¿ã«ã—ã¦ã„ã¾ã™ã€‚ã“ã‚Œã‹ã‚‰ã‚‚æ²¢å±±å¿œæ´ã™ã‚‹ã‹ã‚‰ã€æ­¢ã¾ã‚‹ã‚“ã˜ã‚ƒã­ã‡ãã€œï¼ï¼",
8/24/2021 6:40:53,Sakuda Pikora,@SakudaPikora,Indonesia,"Congratulation dear Sora chan for 4th anniversary! Started watching you 11 months ago, yet im still not knowing you well. But sure im having much great time supporting you with many other soratomo â™¥â™¥â™¥","ãã‚‰ã¡ã‚ƒã‚“ã€ï¼”å‘¨å¹´ãŠã‚ã§ã¨ã†ã”ã–ã„ã¾ã™ï¼
ç§ãŒãã‚‰ã¡ã‚ƒã‚“ã‚’è¦‹å§‹ã‚ãŸã®ã¯ï¼‘ï¼‘ãƒ¶æœˆå‰ã§ã™ãŒã€ã¾ã ãã‚‰ã¡ã‚ƒã‚“ã®ã“ã¨ã‚’ã‚ˆãçŸ¥ã‚Šã¾ã›ã‚“ã€‚ã§ã‚‚ã€ä»–ã®ãã‚‰ã¨ã‚‚ã¨ä¸€ç·’ã«æ¥½ã—ãå¿œæ´ã—ã¦ã„ã¾ã™ã€‚â™¥â™¥â™¥"
8/24/2021 15:28:14,teaguy,@explorerthing,Indonesia,"Halo, Sora! Saya telah mengenal Hololive sejak tahun kemarin, dan Sora termasuk salah satu member yang saya sukai, Saya harap anda tidak terlalu lelah dalam melakukan pekerjaan anda dan Terimakasih!",ãã‚‰ã¡ã‚ƒã‚“ã€ã“ã‚“ã«ã¡ã¯ã€‚å»å¹´ã‹ã‚‰ãƒ›ãƒ­ãƒ©ã‚¤ãƒ–ã‚’è¦‹ã¤ã‘ã¦ã„ã¾ã™ãŒã€ãã‚‰ã¡ã‚ƒã‚“ã¯å¤§å¥½ããªãƒ¡ãƒ³ãƒãƒ¼ã®ä¸€äººã§ã™ã€‚ãã‚‰ã¡ã‚ƒã‚“ãŒã‚¢ã‚¤ãƒ‰ãƒ«ã¨ã—ã¦ç„¡ç†ã‚’ã—ãªã„ã“ã¨ã‚’é¡˜ã£ã¦ã„ã¾ã™ã€‚ã‚ã‚ŠãŒã¨ã†ã­ï¼
8/25/2021 8:58:06,kidokadokaraneko,@kido_kado,Japan,ãã‚‰ã¡ã‚ƒã‚“4å‘¨å¹´ãŠã‚ã§ã¨ã†ï¼ï¼ï¼ãã‚‰ã¡ã‚ƒã‚“ã®é…ä¿¡è¦‹ã¦ã‚‹ã¨æ¯æ—¥ã»ã‚“ã¨æ¥½ã—ãã¦ç™’ã•ã‚Œã‚‹ï¼æ­Œã£ã¦ã¿ãŸã‚„ã‚¢ãƒ«ãƒãƒ ã‚‚ä»•äº‹ã®è¡Œãã‹ãˆã‚Šã§èã„ã¦ãƒ›ãƒ³ãƒˆå…ƒæ°—ã‚‚ã‚‰ã£ã¦ã¾ã™ï¼ã“ã‚Œã‹ã‚‰ã‚‚ãšã£ã¨å¿œæ´ã—ã¦ã¾ã™ï¼ï¼ï¼,
8/27/2021 0:19:24,ç·‹ãã¾,@kotobakazesuko,Japan,"ã¨ãã®ãã‚‰ã¡ã‚ƒã‚“å››å‘¨å¹´ãŠã‚ã§ã¨ã†ã”ã–ã„ã¾ã™ï¼
ãã‚‰ã¡ã‚ƒã‚“ã®æ­Œã‚„é…ä¿¡ã§ã„ã¤ã‚‚å…ƒæ°—ã‚’è²°ã£ã¦ã€ç”Ÿãã‚‹æ´»åŠ›ã«ãªã£ã¦ã¾ã™ï¼
é•·ãæ´»å‹•ã—ã¦ãã‚Œã¦ã‚ã‚ŠãŒã¨ã†ã”ã–ã„ã¾ã™ã€‚
ï¼•å¹´ç›®ã‚‚é ‘å¼µã£ã¦ãã ã•ã„ï¼",
8/27/2021 0:21:35,Jethro Arile,@JSKaizer_56,Philippines,You became the one that cheered me up last year and you continued to be the one that brought me happiness this year. Thank you so much. Happy Anniversary Sora-chan! I will always support you!,æ˜¨å¹´ã¯ãã‚‰ã¡ã‚ƒã‚“ãŒç§ã‚’å…ƒæ°—ã¥ã‘ã¦ãã‚Œã¦ã€ä»Šå¹´ã‚‚ç§ã«å¹¸ã›ã‚’ã‚‚ãŸã‚‰ã—ã¦ãã‚Œã‚‹å­˜åœ¨ã¨ãªã‚Šã¾ã—ãŸã€‚æœ¬å½“ã«ã‚ã‚ŠãŒã¨ã†ã”ã–ã„ã¾ã—ãŸã€‚ãã‚‰ã¡ã‚ƒã‚“ã€è¨˜å¿µæ—¥ãŠã‚ã§ã¨ã†ã”ã–ã„ã¾ã™ã€‚ ã“ã‚Œã‹ã‚‰ã‚‚ãšã£ã¨å¿œæ´ã—ã¦ã„ã¾ã™ãï¼
8/27/2021 7:53:49,ã‹ã‚‚,@p2NfaBCpm6RmaaF,Japan,"ãã‚‰ã¡ã‚ƒã‚“æ´»å‹•4å‘¨å¹´ãŠã‚ã§ã¨ã†ã”ã–ã„ã¾ã™ï¼
å»å¹´ã¯2ndã‚¢ãƒ«ãƒãƒ ã‚„ãƒ©ã‚¤ãƒ–ã€ãã‚Œã«æ²¢å±±ã®ã‚¤ãƒ™ãƒ³ãƒˆã«å‚åŠ ã¨å¤§æ´»èºã§ã—ãŸã­ï¼
ã‚¹ãƒ†ãƒ¼ã‚¸ã§è¼ããã‚‰ã¡ã‚ƒã‚“ã®å§¿ã«åŠ›ã‚’è²°ã£ã¦ã„ã¾ã™ï¼
ã“ã‚Œã‹ã‚‰ã‚‚ãã®å…ˆã‚‚ãšã£ã¨ãšã£ã¨ãã‚‰ã¡ã‚ƒã‚“ã‚’å¿œæ´ã—ã¾ã™ï¼
5å¹´ç›®ã‚‚æ¥½ã—ã„æ—¥ã€…ã«ãªã‚‹ã¨ã„ã„ã§ã™ã­ï¼",
8/27/2021 13:33:08,Luis Nicolas,@NicoNico_Nii_LF,Argentina,"Sora felicidades por tu 4Âº aniversario, espero que sigas con el buen trabajo.
Las colaboraciones con Azki son una de las cosas mÃ¡s seiso de hololive, asÃ­ que espero mÃ¡s de eso. Te estarÃ© apoyando.","ï¼”å‘¨å¹´ãŠã‚ã§ã¨ã†ã”ã–ã„ã¾ã™ãã‚‰ã¡ã‚ƒã‚“ã€‚ã“ã‚Œã‹ã‚‰ã‚‚ãŒã‚“ã°ã£ã¦ãã ã•ã„ã€‚
AZKiã¨ã®ã‚³ãƒ©ãƒœã¯ã¨ã¦ã‚‚æ¸…æ¥šã§æ¥½ã—ã„ã§ã™ã€‚ãšã£ã¨å¿œæ´ã—ã¦ã„ã¾ã™ã€‚"
8/27/2021 19:19:01,ã‚¼ãƒ­PERIA,@zeroa_kain,Japan,ãã‚‰ã¡ã‚ƒã‚“ï¼”å‘¨å¹´ãŠã‚ã§ã¨ã†ï¼ï¼ï¼5å¹´ç›®ã‚‚æ¨ªã‚¢ãƒªã¾ã§æ­¢ã¾ã‚‹ã‚“ã˜ã‚ƒã­ã‡ãã€œï¼ï¼ï¼ã“ã‚Œã‹ã‚‰ã‚‚ãšã£ã¨å¿œæ´ã—ã¦ã‚‹ã‚ˆãƒ¼ãƒ¼ï¼ï¼,
8/28/2021 16:15:43,Apples and Oranges,,,Thank you for everything you do!,ã„ã¤ã‚‚ã‚ã‚ŠãŒã¨ã†ã­ï¼
8/28/2021 17:05:31,elthwar,,,"I want to wish you a wonderful 4th anniversary, listening to your music and streams helped me a lot last year through some difficult times. May you have a great and happy time for this next year Sora!","ï¼”å‘¨å¹´ãŠã‚ã§ã¨ã†ã”ã–ã„ã¾ã™ï¼
ãã‚‰ã¡ã‚ƒã‚“ã®éŸ³æ¥½ã¨æ”¾é€ã‚’è´ã„ã¦ã€å»å¹´ã¯å³ã—ã„ã“ã¨ãŒã‚ã£ã¦ã‚‚ãŸãã•ã‚“åŠ©ã‘ã‚‰ã‚Œã¾ã—ãŸã€‚
ä»Šå¹´ã‚‚ãã‚‰ã¡ã‚ƒã‚“ãŒç´ æ•µã¨å¹¸ã›ãªæ™‚é–“ã‚’éã”ã›ã¾ã™ã‚ˆã†ã«ï¼"
8/29/2021 8:32:18,è­˜ï¼ˆã—ã),@GARANDOU_SHIKI,Hong Kong,æ­å–œå››å‘¨å¹´æ…¶ã€‚æ™‚å…‰èè‹’ï¼Œä¸çŸ¥ä¸è¦ºãã‚‰ã¡ã‚ƒã‚“å‡ºé“å·²ç¶“å››å¹´ï¼Œä½œç‚ºç”±é›¶é–‹å§‹çš„æˆå“¡ï¼Œä½ è¸å¹³äº†ä¸€æ¢å´å¶‡ä¸å¹³çš„è·¯ã€‚æ²’æœ‰ä½ çš„å …æŒï¼Œå°±ä¸æœƒæœ‰å¦‚ä»Šé–ƒè€€çš„ä½ ã€‚æ„Ÿè¬ä½ å°‡ä½ çš„å…‰èŠ’å±•ç¾åˆ°çœ¾äººçš„é¢å‰ï¼Œæ„Ÿè¬é€™å››å¹´é–“çš„é™ªä¼´ã€‚ç‰¹åˆ¥æ˜¯æœ€è¿‘å…©å¹´å°ä»»ä½•äººè€Œè¨€éƒ½ä¸æ˜¯è¼•é¬†çš„å…©å¹´ï¼Œå¾ˆèˆˆå¹¸åœ¨é€™æ®µè‰±é›£çš„æ—¥å­ä¸­èƒ½æœ‰ä½ ã€‚åœ¨è¢«ç”Ÿå‘½ä¸­çš„ç—›è‹¦æ‰€å£“å®æ™‚ï¼Œç¸½èƒ½è¢«ä½ çš„è²éŸ³é¼“èˆã€æ²»ç™’ã€‚å¸Œæœ›åœ¨æœªä¾†èƒ½ç¹¼çºŒè¦‹è­‰ä½ çš„é–ƒè€€ï¼Œæ„Ÿè¬ä½ ã€‚,"ï¼”å‘¨å¹´ãŠã‚ã§ã¨ã†ã”ã–ã„ã¾ã™ã€‚
ä½•ã‚‚ãªã„ã¨ã“ã‚ã‹ã‚‰ã™ã¹ã¦ã‚’ä½œã‚Šä¸Šã’ã‚‹ã®ã¯ã¨ã¦ã‚‚å¤§å¤‰ã ã­ã€‚ãã‚Œã‚’èã„ã¦ã€å³ã—ã„ã“ã¨ãŒã‚ã£ã¦ã‚‚ã€ç§ã¯ã‚‚ã£ã¨ä¸€ç”Ÿæ‡¸å‘½ã«æŒ‘æˆ¦ã™ã‚‹ã€‚
æœ¬å½“ã«ã‚ã‚ŠãŒã¨ã†ã€‚"
8/29/2021 21:12:49,Aaron Joshua Macasaet,@Aaronotikz,Philippines,"Hello Sora-chan Happy Anniversary, I may be new here but so far you made me happy with all your streaming. , I really appreciate everything you have done so far. Thank you for all your hard work.ILY<3",ãã‚‰ã¡ã‚ƒã‚“ã€ã“ã‚“ã«ã¡ã¯ã€‚å‘¨å¹´ãŠã‚ã§ã¨ã†ï¼ç§ã¯ã“ã“ã«æ¥ã‚‹ã®ã¯åˆã‚ã¦ã‹ã‚‚ã—ã‚Œã¾ã›ã‚“ãŒã€ä»Šã¾ã§ã‚ãªãŸã®é…ä¿¡ã§å¹¸ã›ã«ã—ã¦ãã‚Œã¾ã—ãŸã€‚ãã‚‰ã¡ã‚ƒã‚“ã®ã“ã‚Œã¾ã§ã®æ´»å‹•ã«ã¯æœ¬å½“ã«æ„Ÿè¬ã—ã¦ã„ã¾ã™ã€‚ã“ã‚Œã‹ã‚‰ã‚‚ã‚ˆã‚ã—ãã­ã€‚å¤§å¥½ãã€‚ <3
8/29/2021 23:59:12,ã’ã‚“ãªã¾,@cache419,Japan,"Congratulations on your 4th Anniversary!
æµ·å¤–ãƒ‹ã‚­ä¸»å‚¬ã®ãŠç¥ã„ã‚‚ã™ã£ã‹ã‚Šæ’ä¾‹ã«ãªã‚Šã¾ã—ãŸã­ã€5å¹´ç›®ã‚‚ã‚ˆã‚Šåºƒãé ãã¾ã§ãã‚‰ã¡ã‚ƒã‚“ã®é­…åŠ›ãŒä¼ã‚ã£ã¦ã„ãã¾ã™ã‚ˆã†ã«ï¼",
8/30/2021 8:10:52,Casey Carroll,@CaseyCa39188354,United-States,Happy fourth anniversary Sora-chan! Looking forward to many more!,ãã‚‰ã¡ã‚ƒã‚“ï¼”å‘¨å¹´ãŠã‚ã§ã¨ã†ã”ã–ã„ã¾ã™ï¼ã“ã‚Œã‹ã‚‰ã®ã“ã¨ã‚‚æ¥½ã—ã¿ã«å¾…ã£ã¦ã„ã¾ã™ï¼
8/31/2021 10:43:43,PenKing3,@Mass_Pro_0079,Hong Kong,"ãã‚‰ã¡ã‚ƒã‚“ 4å‘¨å¹´ãŠã‚ã§ã¨ã†ã”ã–ã„ã¾ã™ï¼
ãã‚‰ã¡ã‚ƒã‚“ã¯å¤§å¥½ãã®ãƒŸã‚¯ã¡ã‚ƒã‚“ã©ãƒŸã‚¯ãƒ©ãƒ³ãƒ‰ã¦ä¸€ç·’ã«éŠã‚“ã§æœ¬å½“ã«ã‚ˆã‹ã£ãŸã§ã™ï¼
4å‘¨å¹´ç´€å¿µé…ä¿¡ã¨ã¦ã‚‚æ¥½ã—ã¿ã¾ã™ï¼
ã“ã‚Œã‹ã‚‰ã‚‚ãšã£ã¨ã‚ˆã‚ã—ããŠé¡˜ã„ã—ã¾ã™ï¼
ãã‚‰ã¡ã‚ƒã‚“å¤§å¥½ãï¼ï¼ï¼",
8/31/2021 20:23:43,Rune,@rune_devros,United-States,Hi Sora! Congratulations on your 4th anniversary! Your streams always warm my heart! ,ãã‚‰ã¡ã‚ƒã‚“ã€ï¼”å‘¨å¹´ãŠã‚ã§ã¨ã†ã”ã–ã„ã¾ã™ï¼ã„ã¤ã‚‚ãã‚‰ã¡ã‚ƒã‚“ã®é…ä¿¡ã‚’è¦‹ã‚‹ã¨å¿ƒãŒæ¸©ã‚ã¾ã™ï¼
9/1/2021 9:36:53,Denden,@dendenew,Philippines,Hello Sora-chan! Happy 4th anniversary! I wish you all the best in your future endeavors! Stay positive and stay healthy. We thank you for your contributions to Hololive as being the 1st member!,ã“ã‚“ã«ã¡ã¯ãã‚‰ã¡ã‚ƒã‚“ï¼ï¼”å‘¨å¹´ãŠã‚ã§ã¨ã†ã”ã–ã„ã¾ã™ï¼ã„ã¤ã‚‚å¿œæ´ã—ã¦ã„ã¾ã™ï¼å…ƒæ°—ã«ã—ã¦ã­ï¼ãƒ›ãƒ­ãƒ©ã‚¤ãƒ–å¤§å…ˆè¼©ã¨ã—ã¦ã‚ã‚ŠãŒã¨ã†ã”ã–ã„ã¾ã™ï¼
9/1/2021 17:53:58,kazu_ãƒ¼_ sai,@kazusai8,Japan,"ãƒ‡ãƒ“ãƒ¥ãƒ¼4å‘¨å¹´ã€ãŠã‚ã§ã¨ã†ã”ã–ã„ã¾ã™ğŸ‘ğŸ‘âœ¨
ç§ãŒãã‚‰ã¡ã‚ƒã‚“ã‚’çŸ¥ã£ãŸã®ã¯ï¼“å¹´ã¨åŠå¹´ç¨‹å‰ã€‚å½“æ™‚ã¯ãƒ›ãƒ­ãƒ©ã‚¤ãƒ–ã‚‚ãã‚‰ã¡ã‚ƒã‚“ã¨ãƒ­ãƒœå­ã•ã‚“ã®2äººã§ã—ãŸã­ã€‚ä»Šã§ã¯å½“æ™‚ã®äºˆæƒ³ã‚’å¤§ããè¶…ãˆã‚‹è²´å¥³ã¨ãƒ›ãƒ­ãƒ©ã‚¤ãƒ–ã«æˆé•·ã•ã‚Œã¾ã—ãŸãŒã€ä»Šã§ã‚‚ç§ã¯ãã‚‰ã¡ã‚ƒã‚“ãŒæœ€æ¨ã—ã§ã™ï¼ã“ã‚Œã‹ã‚‰ã‚‚æœ«æ°¸ãå®œã—ããŠé¡˜ã„ã—ã¾ã™ã­ï¼ï¼",
9/1/2021 20:59:18,é¾å®®ã¤ã°ã•,@ryu_tubasa,Japan,"ãã‚‰ã¡ã‚ƒã‚“ã€ï¼”å‘¨å¹´ã»ã‚“ã¨ã†ã«ãŠã‚ã§ã¨ã†(à¹‘â•¹á†ºâ•¹)
ãã‚‰ã¡ã‚ƒã‚“ã®ã„ã¤ã‚‚å…ƒæ°—ã§æ˜ã‚‹ã„é…ä¿¡ã‚„æ´»å‹•ã‚’è¦‹ã¦ã‚‹ã¨å…ƒæ°—ãŒãªã„ã¨ãã§ã‚‚è‡ªç„¶ã¨ç¬‘é¡”ã«ãªã‚Œã¦ã„ã‚‹ã‚ˆï¼ã‚ã‚ŠãŒã¨ã†ï¼ï¼
ã“ã‚Œã‹ã‚‰ã‚‚ã€ãã‚‰ã¡ã‚ƒã‚“ã‚‰ã—ã„ãƒšãƒ¼ã‚¹ã§ã‚†ã£ãã‚Šèµ°ã‚Šç¶šã‘ã‚‹å§¿ã‚’æ¥½ã—ã¿ã«ã—ã¦ã‚‹ã‚ˆ(âœ¿â•¹â—¡â•¹)ï¾‰",
9/1/2021 21:11:12,Cleo Farza,@CleFrz,Indonesia,"Hai, saya hanya ingin mengucapkan terima kasih telah menghibur saya selama pandemi ini. Tetap semangat, jangan menyerah!",ãã‚‰ã¡ã‚ƒã‚“ã€ã“ã‚“ã«ã¡ã¯ã€‚ä»Šã‚³ãƒ­ãƒŠã®çŠ¶æ³ã§ç§ã‚’æ¥½ã—ã¾ã›ã¦ãã‚ŒãŸã“ã¨ã«æ„Ÿè¬ã—ãŸã„ã¨æ€ã„ã¾ã™ã€‚æ°—æŒã¡ã‚’é«˜ã‚ã¦ã¨ã€æ±ºã—ã¦ã‚ãã‚‰ã‚ãªã„ã§ãã ã•ã„ ã­ï¼
9/2/2021 5:02:35,ãƒªãƒœãƒ³ã‚µãƒˆãƒ­ãƒ³,@64revival_,Japan,"ãã‚‰ã¡ã‚ƒã‚“4å‘¨å¹´ãŠã‚ã§ã¨ã†ã”ã–ã„ã¾ã™ï¼
5å¹´ç›®ã«å‘ã‘ã¦ä¸€æ­©ä¸€æ­©æ­©ã¿ç¶šã‘ã¦ãã ã•ã„ã€‚ãã‚ŒãŒãã‚‰ã¨ã‚‚ã®ç³§ã¨ãªã‚Šã¾ã™ï¼",
9/2/2021 5:23:53,å„ªã—ã„èŒ¶ç‹,@chako_time,Japan,"å››å‘¨å¹´ãŠã‚ã§ã¨ã†ã”ã–ã„ã¾ã™ï¼
ãã‚‰ã¡ã‚ƒã‚“ã®å£°ã‚„å„ªã—ã•ãŒå¥½ãã§ã™
ãã‚‰ã¡ã‚ƒã‚“ã®ãƒ•ã‚¡ãƒ³ã‚’æ¥½ã—ã¾ã›ã‚ˆã†ã¨ã™ã‚‹å§¿å‹¢ãƒ»åŠªåŠ›ãŒå¥½ãã§ã™
ã“ã‚Œã‹ã‚‰ã‚‚æˆé•·ã‚’ç¶šã‘ã‚‹ãã‚‰ã¡ã‚ƒã‚“ã‚’å¿ƒã‹ã‚‰å¿œæ´ã—ã¦ã„ã¾ã™(à¹‘â•¹á†ºâ•¹)ï¾–ï½ºï½±ï¾˜!ï½²ï½¸ï½¿ï¾ï½°!",
9/2/2021 5:41:17,miiyan@ãã‚‰ã¨ã‚‚,@39dayo_sushi,Japan,ãã‚‰ã¡ã‚ƒã‚“æ´»å‹•4å‘¨å¹´ãŠã‚ã§ã¨ã†ï¼ãã‚‰ã¡ã‚ƒã‚“ã®ä¸€æ­©ä¸€æ­©æ­©ã‚“ã§ã„ãå§¿ã‚’è¦‹ã¦ã€è‡ªåˆ†ã‚‚é ‘å¼µã‚ã†ã£ã¦æ€ãˆã¾ã™ã€‚ã„ã¤ã‹æ¨ªã‚¢ãƒªã®ã‚¹ãƒ†ãƒ¼ã‚¸ã«ç«‹ã¤æ—¥ã‚’ã€ãã—ã¦ã€ãã‚‰ã¨ã‚‚ã®çš†ã§å¤¢è‰²ã‚¢ã‚¹ã‚¿ãƒªã‚¹ã‚¯ã‚’åˆå”±ã™ã‚‹æ—¥ã‚’å¤¢è¦‹ã¦ã„ã¾ã™ï¼ã“ã‚Œã‹ã‚‰ã‚‚ã‚ˆã‚ã—ãã­ï¼ã„ã¤ã¾ã§ã‚‚å¿œæ´ã—ã¦ã„ã¾ã™ï¼â€‹(à¹‘â•¹á†ºâ•¹),
9/2/2021 9:18:51,milos,@milos57595298,Croatia,"First it started with the songs, then I started watching clips and listening to you in BG and learned that I appreciate your conviction and sheer force of Will. Never change, Happy Anniversary Sora. ","ã¾ãšã€ãã‚‰ã¡ã‚ƒã‚“ã®æ­Œã‹ã‚‰å§‹ã¾ã‚Šã€ãã—ã¦ã€åˆ‡ã‚Šå–ã‚Šå‹•ç”»ã‚’è¦‹ãŸã‚Šã€ä»•äº‹ä¸­ã«ãã‚‰ã¡ã‚ƒã‚“ã®æ”¾é€ã‚’è´ã„ãŸã‚Šã€‚æœ€å¾Œã€ãã‚‰ã¡ã‚ƒã‚“ã®æ„å¿—ã®å¼·ã•ã«æ„Ÿè¬ã™ã‚‹ã‚ˆã†ã«ãªã‚Šã¾ã—ãŸã€‚å¤‰ã‚ã‚‰ãªã„ã§ãã ã•ã„ã€‚
è¨˜å¿µæ—¥ãŠã‚ã§ã¨ã†ã”ã–ã„ã¾ã™ã€‚"
9/2/2021 11:00:19,å¤œå‹¤ã¦ã„ã¨ã,@taaa_soratomo,Japan,"æ´»å‹•ï¼”å‘¨å¹´ãŠã‚ã§ã¨ã†ï¼
ãã‚‰ã¡ã‚ƒã‚“ã‚’å¿œæ´ã™ã‚‹ã“ã¨ãŒæ¥½ã—ãã¦ã€ä½•ã‹ç™ºè¡¨ãŒã‚ã‚‹åº¦ã«å¬‰ã—ãã¦é•·ã„æœˆæ—¥ãŒã‚ã£ã¨ã„ã†é–“ã§ã™ï¼ï¼
ã“ã‚Œã‹ã‚‰ã‚‚ã¿ã‚“ãªã§æ­©ã‚“ã§è¡Œãã¾ã—ã‚‡ã†ï¼ç›®æŒ‡ã›æ¨ªæµœã‚¢ãƒªãƒ¼ãƒŠï¼ï¼",
9/2/2021 13:53:35,è’¼Chocolat,@Kuroneko1AoKS19,Japan,"ãã‚‰ã•ã‚“ã€æ´»å‹•4å‘¨å¹´ãŠã‚ã§ã¨ã†ã”ã–ã„ã¾ã™ã€‚
å°ã•ãªæ­©ã¿ã‹ã‚‰å§‹ã¾ã‚Šã€æ²¢å±±ã®çµŒé¨“ã‚’çµŒã¦æ—¥ã€…æˆé•·ã—ã€è¼ãã‚’å¢—ã—ã¦ç´ æ•µã«ãªã£ã¦ã„ãã®ã‚’è¦‹å®ˆã‚Šã“ã¨ãŒã§ãã¦æœ¬å½“ã«å¬‰ã—ã„ã§ã™ã€‚
ã“ã®1å¹´ã¯é™ã‚‰ã‚ŒãŸä¸­ã§è‰²ã€…ãªæ¨¡ç´¢ã‚’ã—ç¶šã‘ã€æ²¢å±±ã®å¯èƒ½æ€§ã‚’è¦‹å‡ºã›ãŸ1å¹´ã ã£ãŸã®ã§ã¯ãªã„ã§ã—ã‚‡ã†ã‹ã€‚
ã“ã‚Œã¾ã§ç©ã¿é‡ã­ã¦ããŸã‚‚ã®ãŒå¤§ããªèŠ±é–‹ããã®æ™‚ã¾ã§ã€ãã—ã¦ãã®å¾Œã‚‚å…¨åŠ›ã§å¿œæ´ã—ã¦ã„ã¾ã™ã€‚
ã„ã¤ã‚‚ã‚ã‚ŠãŒã¨ã†ã€‚
ã“ã‚Œã‹ã‚‰ã‚‚ãšã£ã¨ã‚ˆã‚ã—ãã­ã€‚",
9/2/2021 14:40:49,ãã†ã®ã†ã¿ğŸ»ğŸ’¿,@kuuno_umi ,Japan,"4å‘¨å¹´ãŠã‚ã§ã¨ã†ãã‚‰ã¡ã‚ƒã‚“ï¼
ã„ã¤ã‚‚ã¿ã‚“ãªã«å…ƒæ°—ã‚’å±Šã‘ã¦ãã‚Œã¦ã‚ã‚ŠãŒã¨ã†
ãã‚‰ã¡ã‚ƒã‚“ãŒã„ã‚‹ã‹ã‚‰æ¯æ—¥æ¥½ã—ã„ã—ãŒã‚“ã°ã‚Œã‚‹ã‚ˆã€€ã“ã‚Œã‹ã‚‰ã‚‚ãšã£ã¨å¿œæ´ã—ã¦ã‚‹ã­ã€‚
ãã‚‰ã¡ã‚ƒã‚“ã‹ã‚‰ã„ã‚ã‚“ãªã‚‚ã®è²°ã£ã¦ã°ã£ã‹ã‚ŠãŸã‹ã‚‰ã„ã¤ã‹ãã‚Œã‚’è¿”ã—ãŸã„ãª",
9/3/2021 0:18:24,Spencer ,Don't have one,Philippines,"Hi Sora. Thank you for your efforts thus far. Please know that I think you're wonderful and beautiful. May you, your kouhais, your company and the people you care for find peace and happiness. 



","ã“ã‚“ã«ã¡ã¯ãã‚‰ã•ã‚“ã€‚ã“ã‚Œã‹ã‚‰ã‚‚ã‚ˆã‚ã—ããŠé¡˜ã„ã—ã¾ã™ã€‚
ãã‚‰ã•ã‚“ã¯ç´ æ™´ã‚‰ã—ãã¦ç¾ã—ã„äººã¨æ€ã„ã¾ã™ã€‚
ãã‚‰ã•ã‚“ã¨ã€ãã‚‰ã•ã‚“ã®å¾Œè¼©ã¨ã€ãã‚‰ã•ã‚“ã®ä¼šç¤¾ã¨ã€ãã‚‰ã•ã‚“ãŒå¤§åˆ‡ã«ã—ã¦ã„ã‚‹äººã€…ã«ã€å¹³å’Œã¨å¹¸ã›ãŒè¨ªã‚Œã¾ã™ã‚ˆã†ã«ã€‚"
9/3/2021 0:44:36,Johnny,@JohnnyMx_7,Mexico,"Sora-chan, congratulations on your 4th anniversary!
You, your music and your voice have brought a lot of happiness to my life.
I want your dreams to come true, so I'll always support you.
Te amo!","ãã‚‰ã¡ã‚ƒã‚“ã€4å‘¨å¹´ãŠã‚ã§ã¨ã†ã€‚
ãã‚‰ã¡ã‚ƒã‚“ã®éŸ³æ¥½ã¨å£°ã¯ã€ç§ã®äººç”Ÿã«ãŸãã•ã‚“ã®å¹¸ã›ã‚’ã‚‚ãŸã‚‰ã—ã¦ãã‚Œã¾ã—ãŸã€‚
ãã‚‰ã¡ã‚ƒã‚“ã®å¤¢ã‚’å¶ãˆã¦ã‚ã’ãŸã„ã‹ã‚‰ã€ãšã£ã¨å¿œæ´ã—ã¦ã„ã¾ã™ã€‚
å¤§å¥½ãã§ã™ã€‚"
9/3/2021 2:44:55,Kian Vincent Baldeviso,,Philippines,"HAPPY ANNIVERSARY SORA
From Every Soratomos We Love You and Thank You For Everything Tokino Sora","ãã‚‰ã¡ã‚ƒã‚“ã€è¨˜å¿µæ—¥ãŠã‚ã§ã¨ï¼
ç§ãŸã¡ã€ã™ã¹ã¦ã®ãã‚‰ã¨ã‚‚ã‹ã‚‰å¤§å¥½ãã§ã™ã€‚ãã‚‰ã¡ã‚ƒã‚“ã€ã„ã¤ã‚‚ã‚ã‚ŠãŒã¨ã†ï¼"
9/3/2021 3:01:49,Kimi // ã‚­ãƒŸãƒ©,@BobMeBoi1,Indonesia,ï¼”å‘¨å¹´ãŠã‚ã§ã¨ã†ã‚½ãƒ©ã¡ã‚ƒã‚“ï¼ï¼ï¼ã“ã®ä¸‰å¹´ã¯ãã¤ã„ã‹ã‚‚ã—ã‚Œãªã„ã§ã‚‚ãã‚‰ã¡ã‚ƒã‚“ã¯ãã‚Œã‚’ã‚„ã‚Šé‚ã’ãŸã€‚ç§ãŸã¡ãã‚‰ã¨ã‚‚ã¯ã„ã¤ã‚‚ãã‚‰ã¡ã‚ƒã‚“ã‚’ãŠå¨Ÿã—ã¾ã™ Ê•ã£â€¢ á´¥ â€¢ Ê”ã£,
9/3/2021 5:35:28,æŠ¹èŒ¶å‘³,@tarbo_nine,Japan,"ãã‚‰ã¡ã‚ƒã‚“ï¼æ´»å‹•4å‘¨å¹´ãŠã‚ã§ã¨ã†ï¼ï¼
æœ¬å½“ã«ã‚ã£ã¨ã„ã†é–“ã«4å‘¨å¹´ã ã­ï¼
ã‚†ã£ãã‚Šã§ã‚‚ç¢ºå®Ÿã«å®Ÿã‚Šã‚ã‚‹5å¹´ç›®ã‚’é€ã‚Œã¾ã™ã‚ˆã†ã«ï¼",
9/3/2021 5:57:31,ç©ºç™½,@lord_empty,Japan,4å‘¨å¹´ãŠã‚ã§ã¨ã”ã–ã„ã¾ã™ï¼ã“ã‚Œã¾ã§ã‚’æŒ¯ã‚Šè¿”ã‚‹ã¨ã‚‚ã†4å¹´ã‚‚çµŒã£ãŸã‚“ã ãªãã¨ã„ã†æ°—æŒã¡ã§ã„ã£ã±ã„ã§ã™ã€‚ã“ã‚Œã‹ã‚‰ã®ãã‚‰ã¡ã‚ƒã‚“ã®æœªæ¥ã«ãŸãã•ã‚“ã®å¹¸ãŒã‚ã‚Šã¾ã™ã‚ˆã†ã€ã„ã¡ãã‚‰ã¨ã‚‚ã¨ã—ã¦å¿œæ´ã—ã¦ãŠã‚Šã¾ã™ã€‚,
9/3/2021 6:18:15,ã‚¯ãƒ¼ã‚«ãƒ©,ã‚¯ãƒ¼ã‚«ãƒ©,Japan,"ãã‚‰ã¡ã‚ƒã‚“ã¸
4å‘¨å¹´ãŠã‚ã§ã¨ã†ã”ã–ã„ã¾ã™ğŸ‘ğŸ‘ğŸ‘ğŸ‘
ãã‚‰ã¡ã‚ƒã‚“ã¯4å¹´é–“ã§ãŸãã•ã‚“ã®æ­Œã‚’æ­Œã£ã¦ã„ã¾ã™ã­ã€‚
ã‚ªãƒªæ›²ã‚‚ã‚‚ã¡ã‚ã‚“å¥½ãã§ã™ãŒã€ãã‚‰ã¡ã‚ƒã‚“ãŒæ­Œã†ã‚¨ã‚¤ãƒªã‚¢ãƒ³ã‚¨ã‚¤ãƒªã‚¢ãƒ³ãŒå¤§å¥½ãã§ã™ï¼ã€€ãƒ©ã‚¤ãƒ–ã§æŒ¯ã‚Šä»˜ã‘ã¾ã§ã—ã¦æ­Œã£ã¦ãã‚ŒãŸæ™‚ã¯é©šãã¾ã—ãŸï¼
ã“ã‚Œã‹ã‚‰ã‚‚è‰²ã‚“ãªæ›²ã«è§¦ã‚Œã¦ã„ã£ã¦ã€ãã‚‰ã¨ã‚‚ã•ã‚“ãŸã¡ã«è´ã‹ã›ã¦ãã ã•ã„ï¼
ç§ã¯ãã‚‰ã¡ã‚ƒã‚“ãŒæ¥½ã—ãã†ã«ã—ã¦ã„ã‚‹å§¿ã‚’è¦‹ã‚‹ã®ãŒã¨ã¦ã‚‚å¤§å¥½ãã§ã™ğŸ‘ğŸ‘ğŸ‘ğŸ‘",
9/3/2021 9:23:37,ã¨ã™ã£ã½,@tosu_Po,Japan,"ãã‚‰ã¡ã‚ƒã‚“æ´»å‹•4å‘¨å¹´ãŠã‚ã§ã¨ã†ã”ã–ã„ã¾ã™ï½ï¼ï¼ï¼
4å¹´ç›®ã¯é…ä¿¡è€…ã¨ã—ã¦ã®æœ¬æ ¼å§‹å‹•ã¨ã„ã†æ„Ÿã˜ã§æœºã®ä¸ŠãŒãƒ¬ãƒ™ãƒ«ã‚¢ãƒƒãƒ—ã—ãŸï¼ˆï¼Ÿï¼‰1å¹´ã§ã—ãŸã­ï¼
5å¹´ç›®ã‚‚ã©ã‚“ãªãã‚‰ã¡ã‚ƒã‚“ãŒè¦‹ã‚‰ã‚Œã‚‹ã®ã‹ã¨ã¦ã‚‚æ¥½ã—ã¿ã«ã—ã¦ã„ã¾ã™ï¼",
9/3/2021 13:29:23,ã‚«ãƒ¢ãƒ¡,@orange_kamome,Japan,"ãã‚‰ã¡ã‚ƒã‚“æ´»å‹•4å‘¨å¹´ãŠã‚ã§ã¨ã†ãƒ¼ï¼
4å¹´ç›®ã‚‚TIFã‚„BtSã€ãƒãƒ¥ãƒ¼ãƒã‚¦ãƒˆç­‰ãªã©è‰²ã‚“ãªã‚¤ãƒ™ãƒ³ãƒˆã§æ´»èºã™ã‚‹ãã‚‰ã¡ã‚ƒã‚“ãŒè¦‹ã‚Œã¦å¬‰ã—ã„ã§ã™(à¹‘â•¹á†ºâ•¹)
5å¹´ç›®ã¯ã©ã‚“ãªã‚¹ãƒ†ã‚­ãªäº‹ãŒã‚ã‚‹ã‚“ã ã‚ã†ï¼Ÿã¨ä»Šã‹ã‚‰æ¥½ã—ã¿ã§ã™ï¼
ã“ã‚Œã‹ã‚‰ã‚‚çš†ã§ã‚†ã£ãã‚Šèµ°ã£ã¦ã„ã“ã†ã­ï¼",
9/3/2021 16:19:27,Emanuel,@kurayasinsho,Romania,"Thank you Sora so much for all your hard work,I may not have followed you from early on when you started but I really love your personality,ambition and singing! I'll be sure to support in the future!","ã„ã¤ã‚‚ã‚ã‚ŠãŒã¨ã†ãã‚‰ã¡ã‚ƒã‚“ï¼
ãƒ‡ãƒ“ãƒ¥ãƒ¼ã‹ã‚‰ã¤ã„ã¦ããŸã‚ã‘ã§ã¯ãªã„ã‹ã‚‚ã—ã‚Œã¾ã›ã‚“ãŒã€ãã‚‰ã¡ã‚ƒã‚“ã®äººæŸ„ã¨æ­Œã‚‚æœ¬å½“ã«å¤§å¥½ãã§ã™ï¼ 
ã“ã‚Œã‹ã‚‰ã‚‚ãšã£ã¨å¿œæ´ã—ã¦ã„ã¾ã™ï¼"
9/3/2021 20:47:19,acolyte,@iceaco,Indonesia,"Congratulations on your 4th anniversary, Sora-chan! Please shine more and more! I will continue to support you~",ãã‚‰ã¡ã‚ƒã‚“ã€4å‘¨å¹´ãŠã‚ã§ã¨ã†ã€‚ã‚‚ã£ã¨ã‚‚ã£ã¨ã€è¼ã„ã¦ãã ã•ã„ã­ ã€‚ã“ã‚Œã‹ã‚‰ã‚‚å¿œæ´ã—ã¦ã„ã¾ã™ãï½ã€‚
9/3/2021 21:36:16,è¦–è´ç”¨ã®ã„ã¬,@8iXMH0yxm7Ur533,Japan,"4å‘¨å¹´ãŠã‚ã§ã¨ã†ã”ã–ã„ã¾ã™ï¼
4å¹´ç›®ã¯æ¿€å‹•ã®æ—¥ã€…ã ã£ãŸã‚ˆã†ã«æ€ãˆã¾ã™ã€‚
ãã‚Œã§ã‚‚ç›®æ¨™ã‚’è¦‹æ®ãˆãŸã¾ã¾é€²ã¿ç¶šã‘ã‚‹ãã‚‰ã¡ã‚ƒã‚“ã‚’å¿œæ´ã—ã¦ã„ã¾ã™ã€‚
æ¬¡ã®1å¹´ã‚‚ãã‚‰ã¡ã‚ƒã‚“ã€ã²ã„ã¦ã¯ãƒ›ãƒ­ãƒ©ã‚¤ãƒ–ãŒèºé€²ã‚’ç¶šã‘ã¦ã„ãã“ã¨ã‚’ç¥ˆã£ã¦ã„ã¾ã™â€‹(à¹‘â•¹á†ºâ•¹)ã¬ã‚“ã¬ã‚“

P.S.ãƒ­ãƒã‚µã‚¬3é…ä¿¡ãŒå¤§å¥½ãã§ã™â€‹ğŸ’¡(â•¹á†ºâ•¹à¹‘)",
9/4/2021 0:15:26,ã„ãµã‚Šï½ã™,@Ifreath_Origami,Japan,"ãã‚‰ã¡ã‚ƒã‚“ï¼æ´»å‹•4å‘¨å¹´ãŠã‚ã§ã¨ã†ã”ã–ã„ã¾ã™!!
ã“ã‚Œã‹ã‚‰ã‚‚æ¥½ã—ã„ã“ã¨ãŒã„ã£ã±ã„å‡ºã¦ãã‚‹ã¨è‰¯ã„ã§ã™ã­ï¼
5å¹´ç›®ã‚‚ãã‚‰ã¡ã‚ƒã‚“ã«ã¨ã£ã¦æ˜ã‚‹ã„æœªæ¥ãŒæ¥ã‚‹äº‹ã‚’ãŠç¥ˆã‚Šã—ã¦ãŠã‚Šã¾ã™ï¼
ãã‚‰ã¡ã‚ƒã‚“ã®ä»Šå¾Œã®æ´»èºãŒæ¥½ã—ã¿ã§ã™ï¼ãã‚‰ã¨ã‚‚ä¸€åŒã§å¿œæ´ã—ã¦ãŠã‚Šã¾ã™!!",
9/4/2021 0:23:13,æµ·æœˆã‚·ãƒ­ã‚¦,@seeliecourt_k,Japan,ãã‚‰ã¡ã‚ƒã‚“ï¼4å‘¨å¹´ãŠã‚ã§ã¨ã†ï¼ï¼ï¼å¤§å¥½ãã ã‚ã‚ã‚ã‚ã‚ã‚ï¼ï¼ï¼ï¼ãã‚‰ã¡ã‚ƒã‚“ã®æ­ŒãŒï¼ãã‚‰ã¡ã‚ƒã‚“ã®å£°ãŒï¼ãã®åœ¨ã‚Šæ–¹ãŒï¼ã»ã«ã‚ƒã£ã¨ã‹ã‚ã„ã„ã¨ã“ã‚ãŒï¼ãƒ“ã‚·ãƒƒã¨ã‹ã£ã“ã„ã„ã¨ã“ã‚ãŒï¼(à¹‘â•¹á†ºâ•¹)ã¬ã‚“ã¬ã‚“ï¼ãã‚‰ã¡ã‚ƒã‚“ã®ã‚¯ãƒ©ã‚·ãƒƒã‚¯å¤§å¥½ãã§ã™ï¼ã“ã‚Œã‹ã‚‰ã‚‚å¿œæ´ã—ã¦ã‚‹ã‚ˆãŠãŠãŠãŠãŠãŠãŠï¼ï¼ï¼ï¼ï¼ï¼ï¼,
9/4/2021 1:00:18,ã‚¢ã‚¤ã‚¹ãƒ‰ãƒ©ã‚´ãƒ³,@icedoragongo,Japan,ãã‚‰ã¡ã‚ƒã‚“4å‘¨å¹´ãŠã‚ã§ã¨ã†ï¼ï¼,
9/4/2021 3:07:57,WonderfulProgress,,United-States,"Congratulations on 4 years, Sora-chan!
Itâ€™s hard to think that Hololive started 4 years ago from your very first streamâ€¦","ãã‚‰ã¡ã‚ƒã‚“ã€4å‘¨å¹´ãŠã‚ã§ã¨ã†ã”ã–ã„ã¾ã™ã€‚
4å¹´å‰ã€æœ€åˆã®é…ä¿¡ã‹ã‚‰ãƒ›ãƒ­ãƒ©ã‚¤ãƒ–ãŒå§‹ã¾ã£ãŸã¨ã¯æ€ãˆã¾ã›ã‚“ã§ã‚‚ä»Šã“ã“ã«ãã‚‰ã¡ã‚ƒã‚“ãŒã„ã‚‹ã‚ˆã€‚"
9/4/2021 3:19:24,enza,@probablyenza,Austria,"Happy 4th year anniversary Soda-chan!!! (à¹‘â•¹á†ºâ•¹) From the bottom of my heart, thank you for saving me. I am always here to support you, and here's to many more achievements to come! (à¹‘â•¹á†ºâ•¹)",ãã‚‰ã¡ã‚ƒã‚“ã€4å‘¨å¹´ãŠã‚ã§ã¨ã†ï¼ (à¹‘â•¹Ï‰â•¹à¹‘ ) å¿ƒã®åº•ã‹ã‚‰ã€ç§ã‚’æ•‘ã£ã¦ãã‚Œã¦ã‚ã‚ŠãŒã¨ã†ã€‚ã„ã¤ã‚‚å¿œæ´ã—ã¦ã„ã¾ã™ï¼ã“ã‚Œã‹ã‚‰ã‚‚ãŸãã•ã‚“ã®åŠŸç¸¾ã‚’é”æˆã—ã¦ãã ã•ã„ã­ã€‚(à¹‘â•¹á†ºâ•¹)
9/4/2021 3:28:47,ãƒ¨ã‚¦,ãƒ¨ã‚¦,Japan,"ãã‚‰ã¡ã‚ƒã‚“ï¼”å‘¨å¹´ãŠã‚ã§ã¨ã†ã”ã–ã„ã¾ã™ï¼ï¼
(à¹‘â•¹á†ºâ•¹)ã¤ğŸ‰ğŸ‰ğŸ‰ğŸŠ
ãã‚‰ã¡ã‚ƒã‚“ãŒæ´»å‹•ã‚’åˆã‚ã¦ã‚‚ã†ï¼”å‘¨å¹´ï¼ã¨ã¦ã‚‚ã‚ã§ãŸã„ã§ã™ã­ï¼ãã‚‰ã¡ã‚ƒã‚“ã®é…ä¿¡ã«ã¯ã„ã¤ã‚‚ç™’ã•ã‚Œã¦ã¾ã™ï¼ã„ã¤ã‚‚æ¥½ã—ãã¦æœ€é«˜ã®æ™‚é–“ã‚’ã‚ã‚ŠãŒã¨ã†ã”ã–ã„ã¾ã™ï¼ãã‚‰ã¡ã‚ƒã‚“ã®ã“ã‚Œã‹ã‚‰ã®æ´»å‹•ã‚‚ãšã£ã¨å¿œæ´ã—ç¶šã‘ã¾ã™ï¼(à¹‘â•¹á†ºâ•¹)ã¬ã‚“ã¬ã‚“ï¼ğŸ’–ğŸ’–ğŸ’–",
9/4/2021 3:33:38,Xec,@ArclanP,Australia,ãã‚‰ã¡ã‚ƒã‚“ã€ï¼”å‘¨å¹´ãŠã‚ã§ã¨ã†ï¼ã“ã‚Œã‹ã‚‰ã‚‚ã‚ˆã‚ã—ãã­ï¼(à¹‘â•¹á†ºâ•¹)ã¬ã‚“ã¬ã‚“ï¼,
9/4/2021 3:54:15,ãƒãƒªã¨å¡©,,Japan,"æ´»å‹•4å‘¨å¹´ãŠã‚ã§ã¨ã†ã”ã–ã„ã¾ã™ï¼
ãã‚‰ã¡ã‚ƒã‚“ã®æ´»å‹•ãŒã“ã‚Œã‹ã‚‰ã‚‚ã‚ˆã‚Šè‰¯ã„ã‚‚ã®ã«ãªã‚‹ã‚ˆã†ã«é™°ãªãŒã‚‰å¿œæ´ã—ã¦ã¾ã™ã€‚",
9/4/2021 4:30:35,ã‚†ãƒ¼ã¿,@yumi_soratomo,Japan,ãã‚‰ã¡ã‚ƒã‚“ã€æ´»å‹•4å‘¨å¹´ãŠã‚ã§ã¨ã†ã”ã–ã„ã¾ã™ï¼4å‘¨å¹´ã®ä»Šæ—¥ã¾ã§ã€ãŸãã•ã‚“ã®é…ä¿¡ã‚„ãƒ©ã‚¤ãƒ–ã‚¤ãƒ™ãƒ³ãƒˆã§æ¥½ã—ã¾ã›ã¦ã„ãŸã ãã¾ã—ãŸã€‚ã“ã‚Œã‹ã‚‰ã‚‚å¤¢ã«å‘ã‹ã£ã¦å…¨åŠ›ã§é ‘å¼µã£ã¦ã­ï¼å¿œæ´ã—ã¦ãŠã‚Šã¾ã™ï¼,
9/4/2021 5:24:54,Yuiop,@Yuiop97762850,Japan,ãã‚‰ã¡ã‚ƒã‚“æ´»å‹•4å‘¨å¹´ãŠã‚ã§ã¨ã†ãƒ¼,
9/4/2021 5:57:39,Moro,@Morrow_Rhombus,Japan,"ãã‚‰ã¡ã‚ƒã‚“4å‘¨å¹´ãŠã‚ã§ã¨ã†ã”ã–ã„ã¾ã™ï¼ï¼ï¼ï¼
ãšã£ã¨èµ°ã‚Šç¶šã‘ã¦ãã¦ãã‚Œã¦ã€æœ¬å½“ã«ã‚ã‚ŠãŒã¨ã†ã€‚ãã‚‰ã¡ã‚ƒã‚“ã®ãŠã‹ã’ã§ã€æ¯æ—¥ãŒã¨ã£ã¦ã‚‚æ¥½ã—ã„ã§ã™ï¼
ãã‚‰ã¡ã‚ƒã‚“ã®æ­Œã‚„æ”¾é€ã€æ´»èºãŒã‚‚ã£ã¨ã‚‚ã£ã¨å¤šãã®äººã«åºƒã¾ã‚Šã¾ã™ã‚ˆã†ã«ï¼5å¹´ç›®ã‚‚ã€ãŸãã•ã‚“æ¥½ã—ã‚“ã§ã„ãã¾ã—ã‚‡ã†ï¼ï¼ï¼ï¼ï¼",
9/4/2021 5:59:49,ã¹ã‚‹ã‚‹ã¿ã„,@bellulumy,Japan,"ãã‚‰ã¡ã‚ƒã‚“4å‘¨å¹´ãŠã‚ã§ã¨ã†ã”ã–ã„ã¾ã™ï¼
é§†ã‘æŠœã‘ãŸæ—¥ã€…ã¯æ‡ã‹ã—ãã‚‚ã‚ã‚Šã‚ã£ã¨ã„ã†é–“ã§ã‚‚ã‚ã‚Šã¾ã™ãŒã€ãã‚‰ã¡ã‚ƒã‚“ã®ç¾ã—ã„è»Œè·¡ã«é­…ã›ã‚‰ã‚Œç¶šã‘ãŸã“ã¨ã¯ã„ã¤ã®æ™‚ã‚‚åŒã˜ã§ã™ã€‚
å¤§å¤‰ãªä¸–ã®ä¸­ã«ãªã£ã¦ã‚‚é€†å¢ƒã«è² ã‘ãšçš†ã«å…ƒæ°—ã¨ç¬‘é¡”ã‚’å±Šã‘ç¶šã‘ã‚‹ãã‚‰ã¡ã‚ƒã‚“ã‚’å°Šæ•¬ã—ã¦ã„ã¾ã™ï¼
æ¥å¹´ã‚‚å†æ¥å¹´ã‚‚ãšã£ã¨ãšãƒ¼ã£ã¨å¿œæ´ã—ç¶šã‘ã¾ã™ã®ã§ã€VTuberã®ãŠå‹é”ã‚„ãã‚‰ã¨ã‚‚ã•ã‚“ãŸã¡ã¨ä¸€ç·’ã«ã“ã‚Œã‹ã‚‰ã‚‚ã‚†ã£ãã‚Šèµ°ã£ã¦ã„ãã¾ã—ã‚‡ã†â¸œ(à¹‘â•¹ãƒ¯â•¹)â¸",
9/4/2021 6:10:02,ãã‚,kettu96,Japan,4å‘¨å¹´ãŠã‚ã§ã¨ã†ã”ã–ã„ã¾ã™ï¼ã“ã‚Œã‹ã‚‰ã‚‚å¿œæ´ã—ã¦ã¾ã™ï¼ï¼ç›®æŒ‡ã›æ¨ªã‚¢ãƒªæ­¢ã¾ã‚‹ã‚“ã˜ã‚ƒã­ã‡ãï¼ï¼ï¼ãã‚‰ã¡ã‚ƒã‚“ã™ãï¼ï¼ï¼ï¼(à¹‘â•¹á†ºâ•¹),
9/4/2021 6:18:26,tara,@tara_tarasite,Japan,4å‘¨å¹´ãŠã‚ã§ã¨ã†ï¼ã„ã¤ã‚‚ã‚ã‚ŠãŒã¨ã†ï¼5å¹´ç›®ã‚‚ãã‚‰ã¡ã‚ƒã‚“ã‚’å¿œæ´ã—ã¾ã™ï¼,
9/4/2021 6:35:29,ã¨ã‚ãƒ¼,@tw_0_0_,Japan,"ãã‚‰ã¡ã‚ƒã‚“4å‘¨å¹´ãŠã‚ã§ã¨ã†ã”ã–ã„ã¾ã™ï¼
ãã‚‰ã¡ã‚ƒã‚“ã‚’çŸ¥ã‚Šå¿œæ´ã—ãŸã„ã¨æ€ã£ã¦Twitterã‚¢ã‚«ã‚¦ãƒ³ãƒˆã‚’ä½œæˆã—ã¦ã‹ã‚‰3å¹´åŠè¿‘ããŒçµŒã¡ã¾ã—ãŸãŒä»Šã§ã‚‚ãã®æƒ³ã„ã¯å¤‰ã‚ã‚‰ãšã€ã‚€ã—ã‚å¤§ãããªã£ã¦ã„ã¾ã™ã€‚
ãã‚‰ã¡ã‚ƒã‚“ã¯ã©ã‚“ãªã«è¾›ã„ã“ã¨ãŒã‚ã£ã¦ã‚‚å…ƒæ°—ã‚’ãã‚Œã‚‹å­˜åœ¨ã§æ•‘ã‚ã‚Œã¦ã°ã‹ã‚Šã§ã™ã€‚
å°‘ã—ã§ã‚‚è¿”ã›ã‚‹ã‚ˆã†ã“ã‚Œã‹ã‚‰ã‚‚å¿œæ´ã—ã¦ã„ã¾ã™ã€‚
ã„ã¤ã‚‚ã‚ã‚ŠãŒã¨ã†ã€‚ç”Ÿã¾ã‚Œã¦ãã¦ãã‚Œã¦ã€æ´»å‹•ã‚’ç¶šã‘ã¦ãã‚Œã¦ã‚ã‚ŠãŒã¨ã†ã€‚ãã‚‰ã¡ã‚ƒã‚“å¤§å¥½ãã€‚",
9/4/2021 7:10:46,ãŠãµã¨ã‚“,@on_the_wolves,Japan,ãã‚‰ã¡ã‚ƒã‚“æ´»å‹•4å‘¨å¹´ãŠã‚ã§ã¨ã†ï¼ãã‚‰ã¡ã‚ƒã‚“ãŒã“ã®ä¸–ç•Œã«æ¥ã¦ãã‚ŒãŸãŠã‹ã’ã§ã€ã¨ã¦ã‚‚ãƒ¯ã‚¯ãƒ¯ã‚¯ã™ã‚‹æ¥½ã—ã„æ™‚é–“ãŒéã”ã›ã¦ã„ã¾ã™ã€‚ãã‚‰ã¡ã‚ƒã‚“ã«ã¨ã£ã¦ã¯ã©ã‚“ãªå¹´æœˆã ã£ãŸã‹ãªã€‚ãã£ã¨è¾›ã„ã“ã¨ã‚‚æ²¢å±±ã‚ã£ãŸã¨æ€ã†ã‘ã©ã€4å¹´é–“ã‚‚ä¸€åº¦ã‚‚é€”åˆ‡ã‚Œãšã«ã€ãšã£ã¨ç´ æ•µãªå£°ã‚’è´ã‹ã›ã¦ãã‚Œã¦ã‚ã‚ŠãŒã¨ã†ã€‚æœ¬å½“ã«ã™ã”ã„äº‹ã ã¨æ€ã„ã¾ã™ã€‚5å¹´å¾Œã‚‚ã€10å¹´å¾Œã‚‚ãã£ã¨ã€ç´ æ•µãªå£°ã‚’è´ã‹ã›ã¦ãã ã•ã„ã­ï¼,
9/4/2021 7:16:09,ã‚³ãƒƒã‚±ãƒ³,@kokken042,Japan,ãã‚‰ã¡ã‚ƒã‚“ã€æ´»å‹•4å‘¨å¹´ãŠã‚ã§ã¨ã†ã”ã–ã„ã¾ã™ï¼ï¼ã“ã‚Œã‹ã‚‰ã‚‚å…ƒæ°—ãªã‚ãªãŸã§ã„ã‚‰ã‚Œã¾ã™ã‚ˆã†ã«,
9/4/2021 7:21:36,JC Pardoncilio ,@dragons87498176,Philippines,"Sora chan Konsome!!! 

Happy 4th Anniversary!! Another year another step to get closer to Yokohama Arena. Keep it up! The road to Yokohama Arena is not easy but we Soratomos are here to suppport you","ãã‚‰ã¡ã‚ƒã‚“ï¼ã“ã‚“ãã‚ãƒ¼ï¼
ï¼”å‘¨å¹´ãŠã‚ã§ã¨ã†ã”ã–ã„ã¾ã™ï¼ï¼ï¼
ä»Šå¹´ã‚‚ã¾ãŸã€æ¨ªæµœã‚¢ãƒªãƒ¼ãƒŠã«è¿‘ã¥ããŸã‚ã®ä¸€æ­©ã‚’è¸ã¿å‡ºã—ã¾ã—ãŸã€‚ãŒã‚“ã°ã‚Œï¼æ¨ªæµœã‚¢ãƒªãƒ¼ãƒŠã¸ã®é“ã¯ç°¡å˜ã§ã¯ã‚ã‚Šã¾ã›ã‚“ãŒã€ãã‚‰ã¨ã‚‚ã¯å¿œæ´ã—ã¦ã„ã¾ã™ã€‚"
9/4/2021 7:33:39,Phillip Ho,@PhillipHo_39,United-States,"Happy 4th Anniversary, Sora-chan! Thank you for being a part of our lives and creating fun memories to remember over the past four years! Here's to new memories we'll create together in Year 5! (à¹‘â•¹á†ºâ•¹)","ãã‚‰ã¡ã‚ƒã‚“ã€ï¼”å‘¨å¹´ãŠã‚ã§ã¨ã†ã”ã–ã„ã¾ã™ï¼
ã“ã®ï¼”å¹´é–“ã€ç§ãŸã¡ã®ç”Ÿæ´»ã®ä¸€éƒ¨ã¨ãªã‚Šã€æ¥½ã—ã„æ€ã„å‡ºã‚’ã¤ãã£ãŸã‚Šã€æœ¬å½“ã«ã‚ã‚ŠãŒã¨ã†ï¼
æ¥å¹´ã‚‚æ–°ã—ã„æ€ã„å‡ºã‚’ä½œã£ã¦ãã ã•ã„ã­ï¼(à¹‘â•¹á†ºâ•¹)"
9/4/2021 7:36:18,ãƒšãƒ­ãƒãƒã‚½ã‚¹,@yucaponne,Japan,"Happy 4th Anniversary, Sora! All the Soratomo's in the world are watching over you! May your future be as free as this sky...! We all love you!",
9/4/2021 7:56:22,ãƒã‚µã½ã£ã½,@masapoppo26,Japan,ãã‚‰ã¡ã‚ƒã‚“4å‘¨å¹´ãŠã‚ã§ã¨ã†ï¼æ¨ªã‚¢ãƒªç›®æŒ‡ã—ã¦ã“ã‚Œã‹ã‚‰ã‚‚å¿œæ´æ­¢ã¾ã‚‰ã­ãˆãï¼,
9/4/2021 8:07:06,æ´©çŸ¢ç¥è“¬è±(ã‚‚ã‚Šã‚„ã—ã‚“ ã»ã†ã‚‰ã„),@suwa_hourai0942,Japan,"ãã‚‰ã¡ã‚ƒã‚“4å‘¨å¹´ãŠã‚ã§ã¨ã†ï¼ï¼
å»å¹´ã‹ã‚‰ã®ã“ã®1å¹´ã‚‚ãã‚‰ã¡ã‚ƒã‚“ãŒã‚¢ã‚¤ãƒ‰ãƒ«ã¨ã—ã¦ã¾ã™ã¾ã™æˆé•·ã—ã¦ã„ãã®ã‚’æ„Ÿã˜ã¾ã—ãŸï¼
æ˜ã‚‹ãå…ƒæ°—ã§ã‹ã‚ã„ã„ãã‚‰ã¡ã‚ƒã‚“ã«ã€ã„ã¤ã‚‚å…ƒæ°—ã‚’ã‚‚ã‚‰ã£ã¦ã„ã¾ã™ï¼
ãã‚‰ã¡ã‚ƒã‚“ã®æ´»å‹•ã‚„å¤¢ã‚’ã“ã‚Œã‹ã‚‰ã‚‚å¿œæ´ã—ã¦ã„ãã¾ã™ï¼",
9/4/2021 19:22:41,Nathan D'Angelo,,United-States,"Hi Sora I've been a fan of Hololive since this March and since then you've quickly become one of my favorite Vtubers. I love your streams and know, one day you'll get to perform in the Yomohama Arena!","ãã‚‰ã¡ã‚ƒã‚“ã“ã‚“ã«ã¡ã¯ã€‚3æœˆã‹ã‚‰ãƒ›ãƒ­ãƒ©ã‚¤ãƒ–ã®ãƒ•ã‚¡ãƒ³ã«ãªã‚Šã¾ã—ãŸã€ãŠæ°—ã«å…¥ã‚Šã®Vãƒãƒ¥ãƒ¼ãƒãƒ¼ã®ä¸€äººã«ãªã‚Šã¾ã—ãŸã€‚
ç§ã¯ãã‚‰ã¡ã‚ƒã‚“ã®é…ä¿¡ãŒå¤§å¥½ãã€‚ã„ã¤ã®æ—¥ã‹ã€ãã‚‰ã¡ã‚ƒã‚“ãŒæ¨ªæµœã‚¢ãƒªãƒ¼ãƒŠã§ãƒ©ã‚¤ãƒ–ã§ãã‚‹ã®ã¯ä¿¡ã˜ã¦ã„ã¾ã™ã€‚"
9/5/2021 7:55:33,yabu727,@ayracbhuetray,Japan,ãã‚‰ã¡ã‚ƒã‚“ï¼4å‘¨å¹´ãŠã‚ã§ã¨ã†ã”ã–ã„ã¾ã™ï¼ã„ã¤ã‚‚å…ƒæ°—ã¨ç¬‘é¡”ã‚’ã‚ã‚ŠãŒã¨ã†ã”ã–ã„ã¾ã™ï¼4å¹´é–“è‰²ã€…ãªã“ã¨ãŒã‚ã£ãŸã¯ãšã ã‘ã©ã€ä»Šæ´»å‹•ã‚’ç¶šã‘ã¦ãã‚Œã¦ã„ã¦ã¨ã¦ã‚‚å¬‰ã—ã„ã§ã™ã€‚èˆå°ã§ã¯ã‚¢ã‚¤ãƒ‰ãƒ«ã¨ã—ã¦è¼ãã€é…ä¿¡ã§ã¯å¯æ„›ãã¦å„ªã—ãã¦æš–ã‹ã„ãã‚‰ã¡ã‚ƒã‚“ãŒå¤§å¥½ãã§ã™ã€‚ã“ã‚Œã‹ã‚‰ã‚‚å¤¢ã«å‘ã‘ã¦ã€ã¨ã¾ã‚‹ã‚“ã˜ã‚ƒã­ãƒ¼ããƒ¼ï¼,
9/6/2021 16:26:08,Imca,,Philippines,"Dear Sora-chan, Congratulations with your 4th year in the Virtual Industry, I got to know you only for 8months, but I'm happy to stumble upon a sweet at funny person like you
One of your Fan.","ãã‚‰ã¡ã‚ƒã‚“ã€ï¼”å‘¨å¹´ãŠã‚ã§ã¨ã†ã€‚
ãã‚‰ã¡ã‚ƒã‚“ã‚’çŸ¥ã£ã¦ã‹ã‚‰ã¾ã ï¼˜ãƒ¶æœˆã—ã‹çµŒã£ã¦ã„ã¾ã›ã‚“ãŒã€ã“ã‚“ãªå„ªã—ãã¦é¢ç™½ã„äººã«å‡ºä¼šãˆã¦è‰¯ã‹ã£ãŸã§ã™ã€‚
ãƒ•ã‚¡ãƒ³ã®ä¸€äººã‹ã‚‰"
